timestamp,catchment_zone,rainfall_1h_mm,rainfall_3h_mm,rainfall_24h_mm,flow_water_level_m,water_level_rate_m_h,slope_movement_mm,tilt_rate_mm_h,discharge_m3s,air_temp_c,surface_temp_c,risk_level
2023-01-01 00:00:00,Rolwaling_Valley,3.7,6.7,23.2,2.61,-0.037,1.4,0.118,32.2,16.0,14.3,0
2023-01-01 06:00:00,Kedarnath_Valley,0.5,1.3,3.8,5.87,0.285,1.1,0.277,84.1,10.7,9.7,1
2023-01-01 12:00:00,Teesta_Basin,3.5,7.3,15.9,2.58,0.173,1.4,0.156,25.2,10.8,9.6,0
2023-01-01 18:00:00,Lahaul_Spiti,26.1,67.5,201.7,5.03,0.798,1.6,0.36,59.3,12.4,10.6,1
2023-01-02 00:00:00,Solukhumbu_Catchment,0.5,1.1,2.3,3.13,-0.052,1.7,0.088,32.7,4.9,3.0,0
2023-01-02 06:00:00,Lahaul_Spiti,2.8,6.8,20.4,3.99,0.033,1.7,0.306,35.4,8.4,7.4,0
2023-01-02 12:00:00,Teesta_Basin,12.5,32.6,108.9,7.5,0.906,6.6,0.893,59.4,9.8,8.3,1
2023-01-02 18:00:00,Lahaul_Spiti,1.9,4.2,12.9,2.76,-0.104,1.3,0.116,29.1,13.2,11.9,0
2023-01-03 00:00:00,Kedarnath_Valley,4.9,9.4,31.5,2.85,-0.055,0.9,0.091,37.3,13.3,12.0,0
2023-01-03 06:00:00,Kedarnath_Valley,6.3,14.4,48.6,10.34,0.811,3.8,0.716,192.1,6.5,5.5,2
2023-01-03 12:00:00,Kedarnath_Valley,0.5,1.2,2.9,2.82,-0.016,0.8,0.094,38.7,16.0,14.1,0
2023-01-03 18:00:00,Rolwaling_Valley,12.7,25.1,75.4,3.43,0.166,1.2,0.146,20.7,8.9,7.3,0
2023-01-04 00:00:00,Rolwaling_Valley,31.9,102.1,481.4,19.55,1.208,67.2,14.242,349.0,4.9,4.4,3
2023-01-04 06:00:00,Solukhumbu_Catchment,4.9,13.4,36.4,5.36,0.352,7.1,1.595,61.3,7.7,5.9,1
2023-01-04 12:00:00,Rolwaling_Valley,0.6,1.3,3.8,2.13,0.007,1.3,0.287,38.0,12.6,10.8,0
2023-01-04 18:00:00,Kedarnath_Valley,0.0,0.0,0.1,4.35,0.249,1.3,0.259,24.3,16.2,15.4,0
2023-01-05 00:00:00,Solukhumbu_Catchment,3.7,9.0,29.2,5.94,0.481,3.8,0.928,88.0,12.9,11.5,1
2023-01-05 06:00:00,Kedarnath_Valley,17.5,46.5,169.0,8.0,0.621,34.7,1.902,198.8,8.9,8.1,2
2023-01-05 12:00:00,Lahaul_Spiti,4.1,10.2,25.4,3.49,0.1,1.3,0.084,34.9,10.6,9.3,0
2023-01-05 18:00:00,Teesta_Basin,0.6,1.2,4.2,3.54,0.314,1.0,0.169,36.9,14.5,13.9,0
2023-01-06 00:00:00,Rolwaling_Valley,1.1,2.2,5.3,2.68,-0.127,0.6,0.039,33.6,19.1,17.7,0
2023-01-06 06:00:00,Solukhumbu_Catchment,14.4,39.5,132.6,11.99,0.771,25.5,1.476,165.7,7.4,6.7,2
2023-01-06 12:00:00,Rolwaling_Valley,0.3,0.5,1.4,4.75,0.255,1.3,0.31,34.4,6.9,5.6,0
2023-01-06 18:00:00,Teesta_Basin,5.7,14.7,42.4,7.49,0.298,5.8,1.348,67.7,15.3,14.8,1
2023-01-07 00:00:00,Rolwaling_Valley,1.7,4.0,8.2,3.65,-0.052,1.5,0.102,47.1,12.9,11.6,0
2023-01-07 06:00:00,Teesta_Basin,1.9,4.2,8.8,3.29,0.163,0.9,0.173,38.8,12.0,10.7,0
2023-01-07 12:00:00,Rolwaling_Valley,3.1,6.6,18.5,4.02,0.116,1.3,0.292,14.8,17.1,15.2,0
2023-01-07 18:00:00,Solukhumbu_Catchment,0.1,0.3,0.7,3.41,0.286,0.9,0.11,19.9,7.4,5.9,0
2023-01-08 00:00:00,Rolwaling_Valley,4.0,9.4,22.8,3.79,0.162,0.9,0.212,37.2,13.2,12.5,0
2023-01-08 06:00:00,Rolwaling_Valley,8.0,19.2,50.8,3.99,0.172,0.9,0.199,39.3,15.3,14.6,0
2023-01-08 12:00:00,Rolwaling_Valley,75.2,199.9,774.6,12.36,0.599,22.5,4.155,191.3,6.6,5.7,2
2023-01-08 18:00:00,Teesta_Basin,120.3,417.8,2085.8,13.46,1.161,68.1,12.785,397.5,8.5,7.4,3
2023-01-09 00:00:00,Kedarnath_Valley,0.8,1.8,7.0,5.98,0.573,6.4,1.534,83.4,12.6,11.6,1
2023-01-09 06:00:00,Teesta_Basin,6.6,15.1,53.8,5.93,0.224,8.7,0.872,60.7,7.6,6.6,1
2023-01-09 12:00:00,Solukhumbu_Catchment,32.7,75.3,220.6,6.89,0.434,4.3,0.281,82.8,14.6,13.0,1
2023-01-09 18:00:00,Rolwaling_Valley,54.8,140.2,431.2,6.52,0.431,4.6,0.283,60.5,11.1,9.4,1
2023-01-10 00:00:00,Lahaul_Spiti,0.8,1.6,3.9,2.71,-0.024,1.0,0.101,20.3,18.4,17.5,0
2023-01-10 06:00:00,Teesta_Basin,60.5,172.8,762.8,10.9,0.971,17.8,4.214,197.2,9.2,8.3,2
2023-01-10 12:00:00,Kedarnath_Valley,42.2,97.1,351.9,6.13,0.439,3.7,0.23,73.4,14.6,13.6,1
2023-01-10 18:00:00,Teesta_Basin,6.0,14.2,49.8,4.49,0.057,1.1,0.274,29.6,12.0,10.4,0
2023-01-11 00:00:00,Teesta_Basin,0.7,1.7,5.3,2.91,-0.472,0.9,0.189,23.2,8.3,7.7,0
2023-01-11 06:00:00,Rolwaling_Valley,52.3,132.0,399.6,10.46,0.882,41.5,3.206,241.4,11.5,10.8,2
2023-01-11 12:00:00,Lahaul_Spiti,58.3,177.7,693.5,20.53,1.133,100.5,19.044,319.2,4.3,3.2,3
2023-01-11 18:00:00,Solukhumbu_Catchment,0.9,1.9,6.6,1.99,0.037,1.2,0.117,36.4,3.7,2.3,0
2023-01-12 00:00:00,Solukhumbu_Catchment,2.0,5.1,15.8,9.31,0.47,3.8,0.647,99.2,7.6,5.9,1
2023-01-12 06:00:00,Lahaul_Spiti,0.6,1.1,2.4,3.51,0.021,0.9,0.141,23.7,6.3,5.2,0
2023-01-12 12:00:00,Teesta_Basin,0.5,1.1,2.1,3.47,0.077,0.7,0.185,31.0,19.9,18.1,0
2023-01-12 18:00:00,Teesta_Basin,1.6,3.7,11.3,9.45,0.821,39.2,2.201,188.8,9.6,8.4,2
2023-01-13 00:00:00,Lahaul_Spiti,0.1,0.1,0.3,2.21,0.303,1.3,0.271,23.9,6.3,5.3,0
2023-01-13 06:00:00,Solukhumbu_Catchment,8.2,20.1,67.4,7.56,0.23,9.1,1.565,83.3,5.4,3.8,1
2023-01-13 12:00:00,Solukhumbu_Catchment,0.5,1.0,2.2,3.52,-0.074,1.3,0.29,27.1,11.0,10.3,0
2023-01-13 18:00:00,Solukhumbu_Catchment,1.2,2.8,10.9,5.85,0.441,6.5,0.551,74.2,10.7,9.9,1
2023-01-14 00:00:00,Lahaul_Spiti,5.7,17.1,68.4,11.57,0.782,39.3,7.517,223.5,6.7,6.0,2
2023-01-14 06:00:00,Rolwaling_Valley,9.0,20.7,65.8,8.55,0.698,5.6,1.047,82.2,16.0,15.2,1
2023-01-14 12:00:00,Solukhumbu_Catchment,1.6,3.3,11.0,4.39,0.075,1.6,0.137,24.2,21.7,20.0,0
2023-01-14 18:00:00,Kedarnath_Valley,34.7,98.6,414.2,11.18,0.648,29.6,6.863,197.4,5.3,4.1,2
2023-01-15 00:00:00,Lahaul_Spiti,15.5,37.9,154.3,13.4,0.799,21.7,2.756,108.7,4.0,3.0,2
2023-01-15 06:00:00,Solukhumbu_Catchment,70.3,189.9,639.7,10.56,0.688,17.9,2.808,190.0,8.0,6.9,2
2023-01-15 12:00:00,Rolwaling_Valley,0.9,2.3,9.3,10.08,0.906,18.2,1.313,209.1,4.4,3.1,2
2023-01-15 18:00:00,Rolwaling_Valley,7.8,18.5,57.7,5.89,0.7,6.1,1.038,112.6,14.0,12.6,1
2023-01-16 00:00:00,Rolwaling_Valley,8.8,16.8,48.5,3.64,0.02,1.6,0.363,22.9,2.7,1.4,0
2023-01-16 06:00:00,Kedarnath_Valley,0.2,0.4,0.9,3.54,-0.021,0.9,0.078,40.4,10.7,9.9,0
2023-01-16 12:00:00,Teesta_Basin,4.1,8.0,25.3,2.66,0.018,0.8,0.186,17.3,17.7,16.3,0
2023-01-16 18:00:00,Kedarnath_Valley,8.8,17.9,69.3,5.36,0.171,7.7,0.436,74.4,11.4,10.7,1
2023-01-17 00:00:00,Solukhumbu_Catchment,0.3,0.7,1.8,4.98,0.052,1.8,0.162,27.8,7.6,6.2,0
2023-01-17 06:00:00,Kedarnath_Valley,1.4,3.4,9.8,3.48,-0.1,2.3,0.365,25.4,16.2,14.9,0
2023-01-17 12:00:00,Teesta_Basin,8.8,18.1,43.5,2.56,-0.004,1.3,0.106,32.3,11.0,9.5,0
2023-01-17 18:00:00,Rolwaling_Valley,7.3,17.3,63.2,10.86,0.902,34.8,7.912,103.9,1.9,0.8,2
2023-01-18 00:00:00,Kedarnath_Valley,5.3,11.1,33.2,3.31,0.139,1.0,0.053,35.7,13.8,13.0,0
2023-01-18 06:00:00,Lahaul_Spiti,6.7,15.9,39.9,3.25,-0.161,0.4,0.038,44.1,9.2,7.8,0
2023-01-18 12:00:00,Teesta_Basin,11.0,25.8,56.1,3.0,0.047,1.8,0.158,27.1,13.9,12.5,0
2023-01-18 18:00:00,Teesta_Basin,3.0,6.0,13.2,3.77,0.065,1.4,0.073,16.3,6.8,5.9,0
2023-01-19 00:00:00,Teesta_Basin,6.9,17.7,47.1,6.49,0.265,8.7,1.713,72.8,8.0,7.3,1
2023-01-19 06:00:00,Solukhumbu_Catchment,24.6,57.4,176.5,5.41,0.404,4.0,0.789,82.7,8.1,7.4,1
2023-01-19 12:00:00,Rolwaling_Valley,2.8,7.0,18.1,3.32,0.043,1.8,0.188,31.8,13.7,11.8,0
2023-01-19 18:00:00,Lahaul_Spiti,9.3,17.8,52.2,2.6,-0.003,1.3,0.175,31.9,3.5,2.5,0
2023-01-20 00:00:00,Solukhumbu_Catchment,11.9,26.3,89.1,4.63,0.202,5.2,0.823,82.5,11.6,10.6,1
2023-01-20 06:00:00,Teesta_Basin,11.8,31.6,90.8,6.23,0.391,7.1,1.7,91.2,5.4,3.6,1
2023-01-20 12:00:00,Solukhumbu_Catchment,2.1,4.5,14.0,4.16,0.603,5.4,0.973,80.4,8.2,6.7,1
2023-01-20 18:00:00,Lahaul_Spiti,7.6,17.8,55.2,3.25,0.448,8.0,1.466,74.2,14.0,12.8,1
2023-01-21 00:00:00,Kedarnath_Valley,28.0,73.8,295.1,6.82,0.322,7.8,1.136,76.2,13.2,12.2,1
2023-01-21 06:00:00,Lahaul_Spiti,1.0,2.2,7.2,8.19,0.355,4.6,0.897,52.2,4.4,2.8,1
2023-01-21 12:00:00,Rolwaling_Valley,9.0,21.1,45.1,1.95,0.396,0.6,0.05,21.4,14.7,13.6,0
2023-01-21 18:00:00,Lahaul_Spiti,0.8,1.9,4.1,2.97,-0.025,1.8,0.427,27.3,11.5,10.9,0
2023-01-22 00:00:00,Teesta_Basin,0.5,1.2,2.8,3.2,0.404,0.6,0.102,36.4,16.2,15.4,0
2023-01-22 06:00:00,Teesta_Basin,6.5,13.2,49.8,7.63,0.372,3.0,0.594,64.3,9.8,8.1,1
2023-01-22 12:00:00,Lahaul_Spiti,0.3,0.5,1.5,2.4,0.048,0.8,0.122,29.7,19.2,18.6,0
2023-01-22 18:00:00,Kedarnath_Valley,19.6,56.7,229.6,13.38,0.76,39.9,3.252,208.7,10.3,9.6,2
2023-01-23 00:00:00,Teesta_Basin,9.8,20.7,68.8,3.75,-0.031,0.9,0.205,31.6,11.4,10.9,0
2023-01-23 06:00:00,Lahaul_Spiti,0.2,0.4,1.5,12.28,0.763,25.2,4.461,224.7,7.1,6.3,2
2023-01-23 12:00:00,Solukhumbu_Catchment,10.5,28.3,124.1,11.53,0.776,21.8,1.385,198.8,7.1,6.5,2
2023-01-23 18:00:00,Rolwaling_Valley,1.9,3.5,7.5,3.83,0.337,1.6,0.266,37.8,9.7,8.2,0
2023-01-24 00:00:00,Rolwaling_Valley,1.0,2.4,6.3,4.75,0.116,1.2,0.22,25.6,19.5,18.3,0
2023-01-24 06:00:00,Teesta_Basin,3.5,10.2,45.2,10.0,0.665,19.2,3.744,205.6,1.5,0.6,2
2023-01-24 12:00:00,Rolwaling_Valley,1.9,4.8,10.9,3.56,0.156,1.1,0.238,37.6,10.6,8.8,0
2023-01-24 18:00:00,Kedarnath_Valley,7.3,18.0,41.1,4.08,0.275,0.9,0.141,37.5,18.6,17.7,0
2023-01-25 00:00:00,Solukhumbu_Catchment,12.5,23.8,64.1,2.44,0.099,1.8,0.345,18.4,19.9,18.3,0
2023-01-25 06:00:00,Teesta_Basin,0.4,1.0,2.6,6.41,0.226,6.7,1.285,82.2,10.0,8.7,1
2023-01-25 12:00:00,Lahaul_Spiti,94.8,223.8,890.5,13.05,0.765,25.7,6.184,131.5,3.7,2.4,2
2023-01-25 18:00:00,Rolwaling_Valley,12.3,33.3,118.9,6.17,0.563,6.1,0.404,65.3,8.3,6.7,1
2023-01-26 00:00:00,Solukhumbu_Catchment,1.8,4.2,15.1,8.12,0.355,6.9,1.2,66.3,9.9,8.7,1
2023-01-26 06:00:00,Kedarnath_Valley,70.2,221.6,885.7,21.91,1.165,54.4,13.552,342.9,8.3,7.9,3
2023-01-26 12:00:00,Rolwaling_Valley,2.3,6.1,16.8,6.29,0.57,4.5,0.788,68.8,5.8,4.0,1
2023-01-26 18:00:00,Rolwaling_Valley,1.7,4.0,10.9,3.28,-0.036,1.3,0.305,38.4,5.5,4.1,0
2023-01-27 00:00:00,Kedarnath_Valley,1.6,3.5,10.2,4.5,-0.341,1.1,0.073,36.0,9.1,8.1,0
2023-01-27 06:00:00,Lahaul_Spiti,2.2,4.5,12.9,3.8,-0.118,1.1,0.114,38.5,10.6,8.6,0
2023-01-27 12:00:00,Lahaul_Spiti,0.8,1.9,5.2,4.87,0.343,2.0,0.156,18.7,9.8,8.8,0
2023-01-27 18:00:00,Rolwaling_Valley,0.5,1.1,2.2,3.03,0.233,2.0,0.427,36.8,15.4,14.2,0
2023-01-28 00:00:00,Solukhumbu_Catchment,13.0,24.4,57.4,3.64,-0.136,1.7,0.15,25.9,12.2,11.6,0
2023-01-28 06:00:00,Teesta_Basin,0.5,1.2,4.1,4.0,0.102,0.9,0.139,30.1,15.7,14.5,0
2023-01-28 12:00:00,Solukhumbu_Catchment,0.5,1.0,3.2,2.65,0.171,1.2,0.306,30.5,12.5,11.7,0
2023-01-28 18:00:00,Lahaul_Spiti,20.3,49.9,127.1,5.04,0.467,10.8,1.006,74.1,10.6,9.2,1
2023-01-29 00:00:00,Teesta_Basin,3.8,10.3,41.1,4.28,0.361,7.9,0.566,80.1,6.7,5.2,1
2023-01-29 06:00:00,Kedarnath_Valley,4.9,11.5,36.9,3.09,0.011,1.8,0.285,20.2,17.2,16.5,0
2023-01-29 12:00:00,Teesta_Basin,2.4,5.3,14.9,4.57,0.056,2.0,0.167,13.8,16.3,15.1,0
2023-01-29 18:00:00,Solukhumbu_Catchment,75.6,217.7,947.8,10.54,0.573,50.1,7.287,181.2,7.3,6.5,2
2023-01-30 00:00:00,Lahaul_Spiti,7.0,20.5,59.6,12.19,0.637,31.8,4.684,206.6,7.8,6.4,2
2023-01-30 06:00:00,Solukhumbu_Catchment,2.3,4.7,13.7,3.28,0.191,1.7,0.125,25.1,8.0,6.9,0
2023-01-30 12:00:00,Lahaul_Spiti,4.7,9.1,30.8,3.76,0.122,1.4,0.101,25.4,8.4,7.3,0
2023-01-30 18:00:00,Teesta_Basin,2.6,5.6,19.2,3.77,0.355,6.1,0.736,75.6,13.4,11.8,1
2023-01-31 00:00:00,Kedarnath_Valley,5.0,11.6,25.9,4.36,-0.017,0.7,0.166,33.5,15.6,14.4,0
2023-01-31 06:00:00,Lahaul_Spiti,2.4,4.7,12.0,3.03,0.437,1.8,0.14,43.0,11.6,9.7,0
2023-01-31 12:00:00,Kedarnath_Valley,9.2,21.0,81.0,4.26,0.521,2.1,0.347,90.6,8.4,6.9,1
2023-01-31 18:00:00,Teesta_Basin,0.2,0.5,1.0,2.45,0.155,0.9,0.198,20.2,9.5,8.2,0
2023-02-01 00:00:00,Teesta_Basin,54.0,127.3,381.8,6.2,0.597,2.9,0.246,52.5,6.0,4.8,1
2023-02-01 06:00:00,Rolwaling_Valley,1.3,2.9,9.3,4.06,0.003,2.0,0.469,27.5,7.6,5.6,0
2023-02-01 12:00:00,Teesta_Basin,6.0,13.4,36.9,2.98,-0.052,1.3,0.169,36.5,9.3,8.5,0
2023-02-01 18:00:00,Lahaul_Spiti,22.8,67.1,281.8,13.56,1.105,38.3,9.509,415.6,6.1,5.4,3
2023-02-02 00:00:00,Solukhumbu_Catchment,3.4,7.3,22.5,1.49,0.137,1.2,0.139,47.5,14.7,14.0,0
2023-02-02 06:00:00,Lahaul_Spiti,11.1,25.1,81.0,3.08,0.173,0.7,0.138,40.5,11.9,10.5,0
2023-02-02 12:00:00,Lahaul_Spiti,0.8,1.5,4.7,2.86,0.149,1.4,0.31,37.6,-1.6,-2.2,0
2023-02-02 18:00:00,Kedarnath_Valley,2.9,6.5,14.6,3.61,0.041,0.6,0.037,34.8,9.2,7.3,0
2023-02-03 00:00:00,Teesta_Basin,2.9,6.5,15.2,2.93,-0.039,1.6,0.295,34.4,8.3,7.5,0
2023-02-03 06:00:00,Teesta_Basin,0.6,1.3,3.5,3.09,0.164,1.1,0.059,37.9,14.2,12.5,0
2023-02-03 12:00:00,Rolwaling_Valley,0.6,1.4,3.5,4.6,-0.129,1.0,0.063,44.0,15.2,13.4,0
2023-02-03 18:00:00,Lahaul_Spiti,2.1,4.1,9.2,3.91,-0.136,1.6,0.278,19.5,14.9,13.2,0
2023-02-04 00:00:00,Teesta_Basin,5.8,12.7,47.7,6.84,0.387,6.4,1.138,92.1,6.6,6.1,1
2023-02-04 06:00:00,Kedarnath_Valley,6.6,14.0,46.4,4.24,0.039,0.4,0.089,27.8,9.6,9.0,0
2023-02-04 12:00:00,Rolwaling_Valley,3.2,6.3,14.2,2.42,0.228,0.7,0.074,39.6,9.4,8.7,0
2023-02-04 18:00:00,Teesta_Basin,93.2,254.9,718.2,12.44,0.618,19.5,4.726,204.8,4.4,3.8,2
2023-02-05 00:00:00,Rolwaling_Valley,7.6,16.4,48.0,3.44,-0.074,0.7,0.083,29.7,7.9,7.2,0
2023-02-05 06:00:00,Teesta_Basin,7.9,18.0,49.3,3.66,0.22,0.9,0.096,23.9,7.2,5.3,0
2023-02-05 12:00:00,Solukhumbu_Catchment,3.1,7.6,27.4,6.95,0.31,9.2,2.235,91.9,7.6,7.0,1
2023-02-05 18:00:00,Teesta_Basin,4.3,9.9,28.8,3.72,-0.078,0.7,0.098,15.8,12.7,10.8,0
2023-02-06 00:00:00,Teesta_Basin,2.2,5.8,20.3,7.22,0.514,7.5,1.304,69.7,11.8,10.9,1
2023-02-06 06:00:00,Solukhumbu_Catchment,0.0,0.0,0.1,3.97,0.147,1.3,0.165,41.6,8.9,6.9,0
2023-02-06 12:00:00,Lahaul_Spiti,12.2,33.0,136.3,10.79,0.809,34.8,1.752,142.5,7.0,6.3,2
2023-02-06 18:00:00,Rolwaling_Valley,1.5,3.1,10.1,2.8,0.062,1.0,0.095,26.7,19.2,18.5,0
2023-02-07 00:00:00,Rolwaling_Valley,17.4,41.8,109.4,8.46,0.567,7.9,1.516,65.6,12.5,11.9,1
2023-02-07 06:00:00,Rolwaling_Valley,4.0,9.3,24.6,5.72,0.195,3.7,0.928,72.1,11.4,10.0,1
2023-02-07 12:00:00,Solukhumbu_Catchment,3.5,8.7,27.0,3.86,0.103,0.7,0.055,19.4,11.9,10.3,0
2023-02-07 18:00:00,Lahaul_Spiti,2.2,4.4,15.0,3.54,-0.189,0.9,0.204,36.2,10.1,8.3,0
2023-02-08 00:00:00,Rolwaling_Valley,0.5,1.4,5.4,7.33,0.33,5.8,0.752,88.6,14.3,12.8,1
2023-02-08 06:00:00,Lahaul_Spiti,3.0,6.7,25.7,6.08,0.262,5.8,0.812,71.9,7.5,6.0,1
2023-02-08 12:00:00,Solukhumbu_Catchment,2.5,5.1,12.5,3.64,0.027,1.1,0.219,31.0,10.0,8.4,0
2023-02-08 18:00:00,Solukhumbu_Catchment,2.4,7.0,24.8,15.91,0.912,89.0,14.521,386.8,6.0,5.6,3
2023-02-09 00:00:00,Teesta_Basin,2.4,5.9,13.8,3.01,0.266,2.0,0.322,32.1,9.6,8.5,0
2023-02-09 06:00:00,Rolwaling_Valley,0.5,1.3,4.4,3.67,0.352,0.7,0.12,6.6,10.2,9.1,0
2023-02-09 12:00:00,Lahaul_Spiti,4.6,9.0,21.5,4.62,0.224,1.2,0.189,24.8,11.8,11.0,0
2023-02-09 18:00:00,Rolwaling_Valley,29.3,71.7,260.2,5.58,0.703,5.0,0.594,64.7,15.5,14.9,1
2023-02-10 00:00:00,Rolwaling_Valley,4.8,12.5,49.5,5.33,0.125,6.0,1.249,90.6,11.5,10.8,1
2023-02-10 06:00:00,Lahaul_Spiti,0.7,1.6,4.4,3.66,-0.225,1.7,0.298,19.0,20.1,19.3,0
2023-02-10 12:00:00,Lahaul_Spiti,14.5,39.1,114.9,10.33,0.754,21.8,5.3,146.6,8.3,6.9,2
2023-02-10 18:00:00,Lahaul_Spiti,8.2,27.6,106.5,20.03,1.488,98.0,22.343,480.3,7.0,6.0,3
2023-02-11 00:00:00,Teesta_Basin,17.0,46.7,216.7,13.35,0.856,54.8,3.979,399.4,5.8,4.8,3
2023-02-11 06:00:00,Solukhumbu_Catchment,1.3,2.7,8.5,3.63,0.278,0.9,0.2,26.7,16.9,15.8,0
2023-02-11 12:00:00,Lahaul_Spiti,26.6,79.7,233.0,10.02,0.88,27.4,2.549,147.7,8.5,7.9,2
2023-02-11 18:00:00,Solukhumbu_Catchment,8.4,20.1,63.4,3.2,0.216,1.7,0.397,19.5,14.5,13.6,0
2023-02-12 00:00:00,Teesta_Basin,1.4,2.7,7.1,3.2,-0.007,0.6,0.085,19.5,9.7,8.0,0
2023-02-12 06:00:00,Solukhumbu_Catchment,162.2,539.4,2372.5,16.46,1.409,82.8,12.956,331.3,6.5,5.7,3
2023-02-12 12:00:00,Kedarnath_Valley,6.9,15.3,55.0,11.68,0.509,19.8,2.181,148.1,7.3,6.5,2
2023-02-12 18:00:00,Teesta_Basin,6.7,12.9,27.3,4.12,-0.047,1.7,0.279,43.7,14.9,14.4,0
2023-02-13 00:00:00,Rolwaling_Valley,13.4,32.4,82.5,5.03,0.232,7.6,0.895,74.1,5.4,3.8,1
2023-02-13 06:00:00,Rolwaling_Valley,2.7,6.2,14.5,3.41,0.055,2.0,0.296,40.5,8.1,7.1,0
2023-02-13 12:00:00,Solukhumbu_Catchment,3.3,9.1,34.0,20.2,1.067,87.2,7.782,540.4,4.3,3.6,3
2023-02-13 18:00:00,Lahaul_Spiti,2.3,5.5,11.5,1.85,0.093,2.4,0.348,24.4,13.2,12.3,0
2023-02-14 00:00:00,Solukhumbu_Catchment,0.9,2.3,6.1,4.25,0.561,6.2,0.926,72.6,12.0,11.1,1
2023-02-14 06:00:00,Kedarnath_Valley,0.5,1.1,3.5,3.52,0.165,1.6,0.292,29.3,13.4,12.5,0
2023-02-14 12:00:00,Teesta_Basin,12.1,31.1,106.4,11.29,0.978,20.1,1.289,155.2,8.0,7.4,2
2023-02-14 18:00:00,Rolwaling_Valley,3.1,7.0,23.4,3.11,0.432,0.9,0.069,42.0,12.2,11.5,0
2023-02-15 00:00:00,Lahaul_Spiti,14.2,33.8,102.7,4.57,-0.075,1.6,0.205,40.3,12.5,11.2,0
2023-02-15 06:00:00,Lahaul_Spiti,3.9,8.8,28.9,3.42,0.316,0.2,0.023,35.9,9.4,7.9,0
2023-02-15 12:00:00,Teesta_Basin,21.6,60.8,180.4,8.18,0.738,28.7,4.456,147.5,0.5,-0.9,2
2023-02-15 18:00:00,Solukhumbu_Catchment,6.6,13.5,30.2,3.22,0.026,0.6,0.076,28.3,12.2,10.7,0
2023-02-16 00:00:00,Solukhumbu_Catchment,0.7,1.8,4.9,4.39,0.043,0.6,0.034,17.0,17.1,15.6,0
2023-02-16 06:00:00,Solukhumbu_Catchment,3.8,8.0,25.7,5.12,0.392,2.5,0.308,53.2,10.1,9.2,1
2023-02-16 12:00:00,Solukhumbu_Catchment,12.2,30.1,112.0,13.35,1.01,28.0,5.658,176.2,8.3,7.7,2
2023-02-16 18:00:00,Kedarnath_Valley,30.9,72.3,264.7,15.46,0.862,33.5,5.325,163.6,3.7,2.3,2
2023-02-17 00:00:00,Lahaul_Spiti,5.1,14.4,54.9,6.29,0.694,3.8,0.342,71.9,17.0,15.7,1
2023-02-17 06:00:00,Solukhumbu_Catchment,7.1,13.5,39.0,4.4,0.221,1.4,0.082,36.1,5.2,4.1,0
2023-02-17 12:00:00,Rolwaling_Valley,34.9,96.4,315.2,6.69,0.392,5.2,0.576,67.1,9.9,9.3,1
2023-02-17 18:00:00,Solukhumbu_Catchment,1.5,3.2,8.7,4.81,0.083,1.5,0.2,24.2,16.2,14.3,0
2023-02-18 00:00:00,Lahaul_Spiti,0.6,1.2,4.2,8.04,0.283,6.8,0.685,77.4,10.0,9.1,1
2023-02-18 06:00:00,Rolwaling_Valley,0.2,0.5,1.6,5.2,0.565,7.3,0.803,77.9,12.9,12.2,1
2023-02-18 12:00:00,Kedarnath_Valley,0.4,1.0,4.2,9.21,0.813,19.5,3.98,161.3,9.6,8.3,2
2023-02-18 18:00:00,Solukhumbu_Catchment,2.3,6.0,17.6,9.81,0.505,27.8,3.331,217.5,2.1,1.5,2
2023-02-19 00:00:00,Rolwaling_Valley,1.2,3.2,9.2,8.57,0.467,7.3,1.347,80.9,12.4,11.3,1
2023-02-19 06:00:00,Lahaul_Spiti,4.1,10.0,28.3,9.49,0.792,12.3,1.151,153.5,10.5,9.4,2
2023-02-19 12:00:00,Rolwaling_Valley,8.8,22.0,57.5,8.13,0.521,3.4,0.726,29.7,10.6,9.2,1
2023-02-19 18:00:00,Kedarnath_Valley,2.1,4.1,9.1,2.72,0.073,0.8,0.094,37.1,9.9,8.3,0
2023-02-20 00:00:00,Solukhumbu_Catchment,3.8,7.9,24.1,6.11,0.329,6.3,1.311,87.4,7.4,6.5,1
2023-02-20 06:00:00,Teesta_Basin,10.0,18.6,56.3,4.2,0.03,1.1,0.207,36.0,2.2,0.8,0
2023-02-20 12:00:00,Kedarnath_Valley,0.4,0.9,3.2,3.94,0.386,1.0,0.255,25.4,8.7,7.8,0
2023-02-20 18:00:00,Teesta_Basin,1.7,3.6,8.3,3.17,-0.162,1.2,0.244,34.8,6.4,5.8,0
2023-02-21 00:00:00,Rolwaling_Valley,13.1,33.0,122.0,8.45,0.385,4.8,1.123,89.0,9.0,7.5,1
2023-02-21 06:00:00,Teesta_Basin,5.0,12.9,36.2,5.98,0.49,8.2,0.502,54.5,9.0,8.0,1
2023-02-21 12:00:00,Rolwaling_Valley,18.2,46.8,183.5,6.86,0.271,4.7,1.094,79.4,9.5,8.9,1
2023-02-21 18:00:00,Solukhumbu_Catchment,2.2,5.0,12.3,4.46,0.158,1.5,0.36,29.7,14.9,13.6,0
2023-02-22 00:00:00,Solukhumbu_Catchment,5.7,13.0,39.0,6.27,0.494,4.6,0.758,58.1,8.6,7.1,1
2023-02-22 06:00:00,Solukhumbu_Catchment,11.3,27.4,102.8,5.03,0.518,8.1,0.648,77.0,5.3,4.6,1
2023-02-22 12:00:00,Rolwaling_Valley,11.1,27.5,109.4,6.68,0.719,7.3,1.301,64.4,9.9,9.1,1
2023-02-22 18:00:00,Rolwaling_Valley,24.2,70.5,299.0,11.87,0.609,30.3,4.71,149.7,3.6,2.1,2
2023-02-23 00:00:00,Solukhumbu_Catchment,1.0,2.2,7.3,2.56,-0.113,1.6,0.392,35.1,11.1,9.5,0
2023-02-23 06:00:00,Solukhumbu_Catchment,82.0,221.0,967.8,10.69,0.985,28.6,4.06,174.8,7.8,7.2,2
2023-02-23 12:00:00,Solukhumbu_Catchment,9.7,18.8,64.4,2.36,-0.19,1.1,0.147,26.6,14.4,12.4,0
2023-02-23 18:00:00,Rolwaling_Valley,3.6,7.5,25.6,3.87,0.11,0.8,0.161,40.5,11.6,9.8,0
2023-02-24 00:00:00,Solukhumbu_Catchment,4.4,9.5,19.2,4.61,0.143,1.8,0.171,31.9,7.2,6.7,0
2023-02-24 06:00:00,Rolwaling_Valley,2.2,5.1,12.2,3.33,-0.169,1.0,0.048,33.7,9.8,7.9,0
2023-02-24 12:00:00,Rolwaling_Valley,1.5,3.5,11.8,4.1,-0.23,1.1,0.23,24.8,17.3,15.4,0
2023-02-24 18:00:00,Teesta_Basin,5.6,13.7,45.5,4.31,0.149,0.3,0.068,42.9,13.9,13.1,0
2023-02-25 00:00:00,Lahaul_Spiti,5.6,12.6,47.4,6.06,0.532,3.1,0.674,82.4,15.1,14.4,1
2023-02-25 06:00:00,Kedarnath_Valley,2.1,4.0,11.6,3.38,-0.104,1.1,0.104,42.1,9.8,8.0,0
2023-02-25 12:00:00,Kedarnath_Valley,5.3,9.6,29.8,4.04,0.209,1.0,0.156,22.8,11.6,10.0,0
2023-02-25 18:00:00,Lahaul_Spiti,0.4,0.8,2.9,5.92,0.405,4.9,0.462,50.0,8.0,6.2,1
2023-02-26 00:00:00,Solukhumbu_Catchment,1.6,3.3,8.2,4.04,-0.02,0.6,0.078,35.3,13.9,12.3,0
2023-02-26 06:00:00,Teesta_Basin,64.7,196.8,649.3,17.66,0.83,47.5,2.57,347.5,0.8,-0.2,3
2023-02-26 12:00:00,Teesta_Basin,31.3,88.0,261.6,12.14,0.404,25.8,6.114,124.4,9.4,8.4,2
2023-02-26 18:00:00,Lahaul_Spiti,25.4,64.9,233.1,6.69,0.501,5.4,0.477,101.9,8.7,7.2,1
2023-02-27 00:00:00,Rolwaling_Valley,3.3,7.0,19.8,2.75,0.244,1.4,0.182,32.5,10.2,9.2,0
2023-02-27 06:00:00,Solukhumbu_Catchment,0.8,1.8,5.9,0.79,0.057,1.2,0.177,33.6,14.0,13.4,0
2023-02-27 12:00:00,Teesta_Basin,9.8,22.1,82.3,7.0,0.369,5.4,1.279,83.7,13.0,11.9,1
2023-02-27 18:00:00,Lahaul_Spiti,19.9,48.4,160.6,10.06,0.523,22.0,4.333,185.0,10.7,9.9,2
2023-02-28 00:00:00,Solukhumbu_Catchment,1.2,2.2,5.7,2.94,0.258,1.7,0.294,44.5,9.4,7.5,0
2023-02-28 06:00:00,Rolwaling_Valley,61.5,136.0,484.8,13.29,0.756,28.4,2.498,174.1,8.2,7.1,2
2023-02-28 12:00:00,Lahaul_Spiti,2.0,3.9,9.6,2.61,0.063,0.4,0.024,23.4,9.3,7.9,0
2023-02-28 18:00:00,Solukhumbu_Catchment,29.8,76.4,225.7,11.79,0.866,24.1,3.0,154.7,13.1,11.9,2
2023-03-01 00:00:00,Rolwaling_Valley,9.1,24.5,96.1,7.48,0.483,9.1,0.822,58.2,7.2,6.6,1
2023-03-01 06:00:00,Teesta_Basin,0.2,0.4,1.1,6.91,0.391,4.3,0.931,100.4,11.7,10.7,1
2023-03-01 12:00:00,Solukhumbu_Catchment,4.0,10.7,28.2,7.28,0.439,3.8,0.574,100.5,10.0,8.4,1
2023-03-01 18:00:00,Kedarnath_Valley,3.0,6.0,18.4,3.74,0.135,2.1,0.207,41.1,13.4,12.9,0
2023-03-02 00:00:00,Solukhumbu_Catchment,2.7,5.6,14.0,2.72,0.03,0.3,0.028,33.7,6.6,4.8,0
2023-03-02 06:00:00,Rolwaling_Valley,7.4,15.1,46.3,3.61,0.515,7.7,0.803,88.3,10.5,9.3,1
2023-03-02 12:00:00,Solukhumbu_Catchment,44.8,116.6,432.4,10.16,0.691,35.9,5.386,191.6,9.7,9.0,2
2023-03-02 18:00:00,Kedarnath_Valley,5.2,12.4,31.6,8.18,0.265,6.8,0.355,55.3,8.0,6.5,1
2023-03-03 00:00:00,Kedarnath_Valley,5.0,11.5,24.9,3.28,-0.113,1.1,0.162,36.3,13.4,12.4,0
2023-03-03 06:00:00,Kedarnath_Valley,4.7,9.4,31.7,2.84,0.099,1.7,0.261,26.3,11.5,10.5,0
2023-03-03 12:00:00,Rolwaling_Valley,6.5,13.2,35.6,3.12,-0.298,1.7,0.334,41.6,12.4,11.3,0
2023-03-03 18:00:00,Kedarnath_Valley,0.5,1.0,2.0,2.65,-0.139,1.3,0.119,44.0,9.2,8.5,0
2023-03-04 00:00:00,Solukhumbu_Catchment,1.2,2.9,8.2,2.78,0.275,0.9,0.212,23.5,8.4,6.4,0
2023-03-04 06:00:00,Lahaul_Spiti,6.9,16.2,61.5,5.9,0.733,4.3,0.73,83.0,11.6,11.0,1
2023-03-04 12:00:00,Lahaul_Spiti,6.8,13.2,36.4,3.85,0.043,0.8,0.129,26.2,6.9,5.7,0
2023-03-04 18:00:00,Kedarnath_Valley,3.9,9.0,28.2,2.89,0.035,1.5,0.115,32.9,16.3,15.5,0
2023-03-05 00:00:00,Rolwaling_Valley,0.1,0.3,1.1,8.1,0.265,6.1,0.356,68.8,2.4,1.9,1
2023-03-05 06:00:00,Teesta_Basin,2.4,5.9,15.7,2.96,0.051,1.5,0.365,33.7,13.2,12.3,0
2023-03-05 12:00:00,Rolwaling_Valley,1.4,2.9,9.1,2.99,0.148,0.6,0.089,25.0,11.3,9.8,0
2023-03-05 18:00:00,Solukhumbu_Catchment,5.6,13.5,44.4,5.13,0.231,6.2,0.329,66.3,14.0,12.5,1
2023-03-06 00:00:00,Teesta_Basin,13.9,37.8,137.5,5.64,0.518,7.1,1.17,77.3,9.6,8.4,1
2023-03-06 06:00:00,Solukhumbu_Catchment,1.5,3.2,7.4,3.75,0.093,2.0,0.394,24.8,16.1,14.3,0
2023-03-06 12:00:00,Kedarnath_Valley,3.2,7.6,18.3,3.68,0.065,1.0,0.17,39.2,10.3,8.8,0
2023-03-06 18:00:00,Teesta_Basin,3.3,8.2,30.8,6.44,0.596,5.7,1.183,94.4,9.5,7.8,1
2023-03-07 00:00:00,Lahaul_Spiti,0.4,1.0,3.0,5.29,0.351,2.1,0.478,80.2,5.3,3.6,1
2023-03-07 06:00:00,Solukhumbu_Catchment,21.5,48.4,143.4,12.46,0.842,21.2,5.302,202.6,9.3,7.9,2
2023-03-07 12:00:00,Solukhumbu_Catchment,0.1,0.3,0.8,5.21,0.245,3.7,0.282,70.6,13.3,12.8,1
2023-03-07 18:00:00,Kedarnath_Valley,1.5,3.2,6.7,4.39,0.17,1.1,0.088,35.3,17.4,15.9,0
2023-03-08 00:00:00,Kedarnath_Valley,2.3,4.4,15.3,4.06,0.218,1.3,0.247,28.3,14.2,12.3,0
2023-03-08 06:00:00,Solukhumbu_Catchment,1.2,3.2,11.0,7.16,0.327,7.9,0.504,69.7,10.5,8.7,1
2023-03-08 12:00:00,Rolwaling_Valley,29.7,60.9,214.7,6.07,0.373,8.6,1.206,55.2,16.7,16.2,1
2023-03-08 18:00:00,Solukhumbu_Catchment,23.1,61.4,254.4,13.33,1.069,55.4,9.338,594.3,5.0,4.2,3
2023-03-09 00:00:00,Kedarnath_Valley,6.4,15.4,46.1,3.44,0.144,1.0,0.105,31.6,9.0,8.2,0
2023-03-09 06:00:00,Teesta_Basin,28.1,94.2,294.4,14.49,1.071,80.8,17.237,385.2,2.7,1.5,3
2023-03-09 12:00:00,Solukhumbu_Catchment,14.1,36.6,122.1,15.99,1.091,60.1,6.348,367.6,0.1,-0.2,3
2023-03-09 18:00:00,Teesta_Basin,0.4,0.8,2.1,3.88,0.077,0.7,0.147,23.9,10.2,9.4,0
2023-03-10 00:00:00,Kedarnath_Valley,4.9,9.3,26.6,3.47,0.102,0.8,0.081,34.6,4.9,3.6,0
2023-03-10 06:00:00,Kedarnath_Valley,3.8,7.5,19.2,2.7,-0.114,1.2,0.293,31.5,9.8,8.5,0
2023-03-10 12:00:00,Solukhumbu_Catchment,5.4,14.1,57.1,11.79,0.937,9.6,1.171,170.2,9.5,8.5,2
2023-03-10 18:00:00,Rolwaling_Valley,13.5,35.1,152.3,10.88,0.761,28.0,6.267,155.2,12.2,11.2,2
2023-03-11 00:00:00,Kedarnath_Valley,86.8,231.4,1089.4,16.74,1.227,78.4,13.39,333.1,3.0,2.3,3
2023-03-11 06:00:00,Rolwaling_Valley,32.7,86.9,293.2,10.61,0.5,22.6,3.786,205.9,7.4,6.4,2
2023-03-11 12:00:00,Solukhumbu_Catchment,0.5,1.0,2.7,3.74,0.174,1.4,0.08,40.8,14.8,14.1,0
2023-03-11 18:00:00,Teesta_Basin,1.9,4.4,9.8,3.48,-0.025,1.2,0.291,37.1,1.0,-0.4,0
2023-03-12 00:00:00,Kedarnath_Valley,2.9,7.0,19.3,3.19,-0.263,1.4,0.303,31.1,3.5,2.2,0
2023-03-12 06:00:00,Solukhumbu_Catchment,10.2,26.3,108.4,14.45,0.823,18.8,1.69,204.3,7.7,6.6,2
2023-03-12 12:00:00,Solukhumbu_Catchment,20.9,61.4,212.3,11.65,0.98,21.4,2.076,206.4,3.6,3.1,2
2023-03-12 18:00:00,Lahaul_Spiti,0.1,0.3,0.8,3.61,0.132,0.6,0.101,22.0,7.6,6.7,0
2023-03-13 00:00:00,Kedarnath_Valley,115.4,282.7,954.9,9.22,0.504,32.6,3.874,210.7,11.4,10.8,2
2023-03-13 06:00:00,Kedarnath_Valley,118.8,304.3,969.2,15.52,0.928,65.6,15.989,299.2,4.8,4.5,3
2023-03-13 12:00:00,Teesta_Basin,3.0,9.0,37.2,8.37,0.691,31.8,6.157,160.6,4.4,3.4,2
2023-03-13 18:00:00,Lahaul_Spiti,29.4,71.0,221.8,12.15,0.592,22.8,4.937,200.8,5.4,4.5,2
2023-03-14 00:00:00,Rolwaling_Valley,9.1,21.3,58.4,4.32,0.537,6.5,0.777,46.3,9.8,9.1,1
2023-03-14 06:00:00,Lahaul_Spiti,5.3,13.0,50.7,6.63,0.354,9.8,0.683,78.3,9.5,7.9,1
2023-03-14 12:00:00,Teesta_Basin,7.6,15.8,43.7,8.32,0.45,7.2,1.54,76.1,9.4,8.1,1
2023-03-14 18:00:00,Kedarnath_Valley,3.1,6.8,25.2,10.69,0.783,20.4,4.684,165.3,3.8,2.6,2
2023-03-15 00:00:00,Lahaul_Spiti,5.4,11.1,37.3,3.61,0.005,1.3,0.214,20.5,12.8,11.4,0
2023-03-15 06:00:00,Rolwaling_Valley,8.1,15.2,51.8,3.29,0.344,0.3,0.038,26.9,13.3,12.8,0
2023-03-15 12:00:00,Solukhumbu_Catchment,5.6,10.9,25.8,4.45,0.205,2.0,0.189,34.3,11.2,9.9,0
2023-03-15 18:00:00,Lahaul_Spiti,2.8,5.9,13.9,4.58,-0.068,1.4,0.26,33.4,10.8,9.7,0
2023-03-16 00:00:00,Solukhumbu_Catchment,0.1,0.3,0.6,2.54,-0.177,1.0,0.151,32.5,10.7,8.8,0
2023-03-16 06:00:00,Teesta_Basin,0.2,0.3,0.8,3.76,-0.098,1.6,0.186,26.0,7.4,6.8,0
2023-03-16 12:00:00,Teesta_Basin,17.9,43.5,163.9,8.45,0.51,5.0,0.501,70.5,10.8,9.8,1
2023-03-16 18:00:00,Rolwaling_Valley,7.0,13.6,45.1,3.33,0.084,0.3,0.064,32.9,17.0,15.4,0
2023-03-17 00:00:00,Solukhumbu_Catchment,0.4,0.9,2.6,3.86,0.023,1.0,0.139,28.1,17.1,16.0,0
2023-03-17 06:00:00,Kedarnath_Valley,11.3,31.8,130.2,13.09,1.058,83.9,11.207,299.4,1.1,0.7,3
2023-03-17 12:00:00,Kedarnath_Valley,1.3,3.1,10.6,12.89,0.845,33.9,8.12,217.9,5.3,4.7,2
2023-03-17 18:00:00,Teesta_Basin,0.1,0.3,0.7,3.09,-0.012,0.9,0.187,29.2,12.3,11.8,0
2023-03-18 00:00:00,Solukhumbu_Catchment,12.4,27.4,105.7,6.91,0.305,5.9,0.791,49.0,11.0,10.0,1
2023-03-18 06:00:00,Teesta_Basin,42.5,125.1,370.6,11.14,0.658,19.3,1.29,155.1,1.0,-0.3,2
2023-03-18 12:00:00,Kedarnath_Valley,11.8,28.9,81.6,6.94,0.479,7.0,1.123,73.2,15.3,14.5,1
2023-03-18 18:00:00,Lahaul_Spiti,3.4,6.3,12.9,3.29,-0.079,0.6,0.111,16.0,18.3,17.5,0
2023-03-19 00:00:00,Teesta_Basin,4.7,8.9,25.1,2.49,0.069,0.7,0.103,36.9,13.4,12.7,0
2023-03-19 06:00:00,Teesta_Basin,0.4,0.7,1.8,3.2,0.291,1.3,0.327,6.4,12.2,10.7,0
2023-03-19 12:00:00,Kedarnath_Valley,3.1,5.6,14.9,5.19,0.133,0.7,0.073,30.1,20.4,19.5,0
2023-03-19 18:00:00,Kedarnath_Valley,7.3,21.1,62.8,15.86,0.818,30.3,5.616,154.7,9.7,8.9,2
2023-03-20 00:00:00,Teesta_Basin,47.5,130.8,562.4,18.21,1.156,73.9,5.371,461.2,0.8,0.4,3
2023-03-20 06:00:00,Solukhumbu_Catchment,0.4,0.7,2.2,2.94,0.108,0.4,0.083,43.5,13.7,12.5,0
2023-03-20 12:00:00,Teesta_Basin,0.5,1.4,4.7,5.84,0.284,4.3,0.29,78.3,10.2,9.0,1
2023-03-20 18:00:00,Kedarnath_Valley,0.5,1.2,4.1,3.5,0.155,1.4,0.238,32.5,15.5,13.5,0
2023-03-21 00:00:00,Kedarnath_Valley,2.1,6.3,21.0,13.61,0.665,39.7,7.423,209.5,4.6,3.9,2
2023-03-21 06:00:00,Solukhumbu_Catchment,1.4,3.0,11.2,6.41,0.497,2.1,0.269,85.6,10.7,10.1,1
2023-03-21 12:00:00,Solukhumbu_Catchment,1.5,3.3,11.5,3.97,-0.015,0.2,0.019,40.7,12.9,12.1,0
2023-03-21 18:00:00,Teesta_Basin,2.3,5.2,22.3,6.18,0.691,24.5,2.782,191.5,1.1,0.1,2
2023-03-22 00:00:00,Solukhumbu_Catchment,1.4,3.4,12.0,5.12,0.48,8.3,1.241,80.1,7.2,5.8,1
2023-03-22 06:00:00,Rolwaling_Valley,9.6,25.7,71.9,6.93,0.253,5.1,0.804,48.9,9.8,8.6,1
2023-03-22 12:00:00,Solukhumbu_Catchment,27.0,65.2,189.6,5.6,0.654,5.9,0.477,73.9,9.5,8.5,1
2023-03-22 18:00:00,Lahaul_Spiti,11.3,30.8,110.6,13.18,0.612,37.7,4.591,200.1,8.8,7.7,2
2023-03-23 00:00:00,Kedarnath_Valley,11.3,25.3,77.3,6.88,0.302,6.4,1.054,84.4,10.6,9.3,1
2023-03-23 06:00:00,Solukhumbu_Catchment,2.1,4.0,12.1,4.33,-0.203,1.1,0.251,26.0,7.4,6.7,0
2023-03-23 12:00:00,Lahaul_Spiti,1.8,3.8,11.8,4.71,-0.028,1.9,0.199,11.9,8.3,7.6,0
2023-03-23 18:00:00,Teesta_Basin,0.5,1.2,2.5,3.11,0.186,1.0,0.058,35.8,18.0,17.2,0
2023-03-24 00:00:00,Solukhumbu_Catchment,2.1,5.5,23.8,7.31,0.634,32.4,2.598,186.5,11.2,10.3,2
2023-03-24 06:00:00,Rolwaling_Valley,1.2,2.5,6.8,3.15,-0.101,1.4,0.337,48.9,9.5,7.8,0
2023-03-24 12:00:00,Rolwaling_Valley,21.7,64.1,252.6,11.39,0.649,24.2,3.34,195.3,-0.6,-1.6,2
2023-03-24 18:00:00,Teesta_Basin,4.2,10.2,33.1,3.18,-0.154,1.1,0.114,19.2,10.9,10.1,0
2023-03-25 00:00:00,Kedarnath_Valley,22.8,57.8,255.8,13.54,0.548,26.7,4.677,223.4,8.7,7.7,2
2023-03-25 06:00:00,Solukhumbu_Catchment,4.6,9.3,30.3,3.9,0.161,1.4,0.074,33.4,3.3,1.9,0
2023-03-25 12:00:00,Lahaul_Spiti,2.2,4.6,11.8,3.12,0.053,0.6,0.036,29.0,9.8,8.0,0
2023-03-25 18:00:00,Kedarnath_Valley,2.3,5.0,13.3,5.09,0.603,6.4,1.074,75.1,2.1,1.1,1
2023-03-26 00:00:00,Rolwaling_Valley,0.8,1.7,6.0,3.43,0.197,1.2,0.076,30.4,7.8,6.2,0
2023-03-26 06:00:00,Teesta_Basin,4.4,9.1,27.1,1.82,0.059,1.1,0.065,26.7,10.6,8.6,0
2023-03-26 12:00:00,Lahaul_Spiti,1.0,2.2,8.1,5.4,0.189,8.3,1.939,54.1,8.3,6.9,1
2023-03-26 18:00:00,Solukhumbu_Catchment,14.7,28.9,95.7,5.62,0.139,1.8,0.236,25.0,10.0,8.9,0
2023-03-27 00:00:00,Lahaul_Spiti,4.9,11.8,24.6,3.06,0.012,2.0,0.319,39.6,13.1,11.6,0
2023-03-27 06:00:00,Solukhumbu_Catchment,10.0,26.2,104.6,5.22,0.682,4.7,0.615,76.6,4.8,4.1,1
2023-03-27 12:00:00,Solukhumbu_Catchment,8.6,18.2,58.5,3.35,0.19,5.0,0.984,92.1,4.8,3.6,1
2023-03-27 18:00:00,Rolwaling_Valley,0.9,2.1,5.9,3.77,0.174,1.4,0.202,41.6,14.6,13.2,0
2023-03-28 00:00:00,Lahaul_Spiti,0.0,0.0,0.1,4.95,0.06,0.5,0.11,15.2,12.5,10.9,0
2023-03-28 06:00:00,Solukhumbu_Catchment,8.0,18.6,61.0,6.07,0.407,6.5,1.438,63.6,9.9,9.4,1
2023-03-28 12:00:00,Kedarnath_Valley,3.5,7.7,23.1,7.72,0.478,3.0,0.387,81.6,13.7,12.9,1
2023-03-28 18:00:00,Rolwaling_Valley,9.6,19.7,51.9,5.82,0.206,2.9,0.308,102.9,10.2,9.4,1
2023-03-29 00:00:00,Teesta_Basin,1.0,2.1,5.2,2.23,0.198,1.9,0.41,26.7,15.1,13.8,0
2023-03-29 06:00:00,Kedarnath_Valley,25.4,62.5,181.0,13.52,0.546,21.8,5.07,168.9,5.8,5.0,2
2023-03-29 12:00:00,Teesta_Basin,9.0,25.5,104.8,9.39,0.736,11.5,0.872,199.6,7.6,6.4,2
2023-03-29 18:00:00,Rolwaling_Valley,58.3,167.1,550.4,17.54,0.948,113.5,14.719,306.7,2.4,1.5,3
2023-03-30 00:00:00,Kedarnath_Valley,4.2,10.1,33.1,3.98,0.031,0.9,0.104,28.1,15.0,14.2,0
2023-03-30 06:00:00,Rolwaling_Valley,2.2,5.8,20.9,11.92,0.763,31.4,6.503,159.1,9.3,8.0,2
2023-03-30 12:00:00,Solukhumbu_Catchment,2.1,4.7,13.0,3.77,0.198,1.3,0.282,20.9,16.9,16.2,0
2023-03-30 18:00:00,Rolwaling_Valley,62.7,207.7,1016.0,14.96,1.036,98.9,18.882,291.9,6.0,5.7,3
2023-03-31 00:00:00,Kedarnath_Valley,2.2,5.7,20.2,4.82,0.619,8.0,0.894,74.1,9.9,8.5,1
2023-03-31 06:00:00,Rolwaling_Valley,12.4,25.8,96.8,4.29,0.559,6.8,1.526,80.7,13.7,12.7,1
2023-03-31 12:00:00,Rolwaling_Valley,0.9,1.9,6.4,4.25,-0.029,1.1,0.085,38.5,17.8,16.9,0
2023-03-31 18:00:00,Solukhumbu_Catchment,4.4,10.1,33.0,8.12,0.376,5.9,0.891,78.3,13.0,11.9,1
2023-04-01 00:00:00,Teesta_Basin,1.6,3.9,8.9,3.67,-0.099,0.9,0.13,17.6,19.0,17.3,0
2023-04-01 06:00:00,Teesta_Basin,4.1,8.3,27.1,4.96,-0.242,1.3,0.289,34.3,16.5,15.2,0
2023-04-01 12:00:00,Kedarnath_Valley,1.7,3.2,8.8,2.93,0.264,1.5,0.283,32.6,12.7,11.6,0
2023-04-01 18:00:00,Kedarnath_Valley,3.2,8.0,21.0,4.73,0.35,7.5,1.603,62.8,15.0,13.6,1
2023-04-02 00:00:00,Solukhumbu_Catchment,108.4,303.8,979.1,10.58,0.793,37.0,4.411,179.6,7.9,6.9,2
2023-04-02 06:00:00,Solukhumbu_Catchment,1.7,3.1,7.2,3.05,-0.25,0.5,0.112,31.3,8.4,6.4,0
2023-04-02 12:00:00,Solukhumbu_Catchment,0.5,1.3,2.8,3.38,0.077,1.0,0.068,21.7,7.3,5.9,0
2023-04-02 18:00:00,Lahaul_Spiti,5.8,13.8,39.0,8.06,0.4,4.7,1.163,81.3,9.0,7.4,1
2023-04-03 00:00:00,Rolwaling_Valley,0.5,1.2,2.7,2.82,0.267,0.5,0.093,37.5,3.1,2.1,0
2023-04-03 06:00:00,Lahaul_Spiti,15.8,34.3,95.3,6.52,0.559,5.5,0.403,60.8,12.7,11.1,1
2023-04-03 12:00:00,Kedarnath_Valley,4.5,9.1,26.9,3.18,0.227,1.3,0.085,29.6,12.7,11.9,0
2023-04-03 18:00:00,Teesta_Basin,9.7,25.7,90.7,7.08,0.447,7.1,1.724,78.3,5.3,4.2,1
2023-04-04 00:00:00,Kedarnath_Valley,12.5,26.9,86.2,6.67,0.45,7.4,0.979,99.1,10.5,9.4,1
2023-04-04 06:00:00,Kedarnath_Valley,9.4,20.6,63.6,3.69,0.36,5.3,0.27,72.7,8.4,6.7,1
2023-04-04 12:00:00,Teesta_Basin,2.6,6.0,14.2,3.07,-0.014,1.7,0.391,31.4,8.2,7.0,0
2023-04-04 18:00:00,Rolwaling_Valley,1.4,3.3,8.2,3.32,0.086,1.1,0.109,34.8,15.8,15.2,0
2023-04-05 00:00:00,Kedarnath_Valley,9.8,20.6,56.4,3.74,0.071,1.3,0.261,15.2,8.4,7.4,0
2023-04-05 06:00:00,Kedarnath_Valley,5.4,13.4,42.6,4.18,0.207,1.6,0.095,35.3,5.3,4.0,0
2023-04-05 12:00:00,Teesta_Basin,1.3,3.0,6.8,4.84,-0.162,0.7,0.079,42.9,10.7,9.1,0
2023-04-05 18:00:00,Teesta_Basin,2.3,4.7,13.8,3.67,0.19,0.8,0.122,28.0,9.5,7.6,0
2023-04-06 00:00:00,Rolwaling_Valley,4.9,10.4,37.3,3.2,0.398,6.8,1.302,54.3,6.5,4.8,1
2023-04-06 06:00:00,Solukhumbu_Catchment,2.2,4.7,10.6,4.08,0.204,1.4,0.226,28.6,5.7,4.9,0
2023-04-06 12:00:00,Lahaul_Spiti,0.5,1.2,3.5,3.93,-0.037,1.4,0.082,27.8,6.9,5.4,0
2023-04-06 18:00:00,Teesta_Basin,33.6,82.0,266.7,9.78,0.841,28.3,4.425,186.8,4.2,3.6,2
2023-04-07 00:00:00,Lahaul_Spiti,9.2,19.6,60.1,6.06,0.412,4.6,0.773,112.3,13.8,12.5,1
2023-04-07 06:00:00,Lahaul_Spiti,6.7,16.3,48.9,6.65,0.414,8.7,0.76,99.6,5.8,4.2,1
2023-04-07 12:00:00,Lahaul_Spiti,0.4,0.8,2.7,4.43,0.201,1.2,0.263,36.0,14.5,13.4,0
2023-04-07 18:00:00,Lahaul_Spiti,0.1,0.3,1.1,5.36,0.395,7.2,1.105,71.5,7.4,5.6,1
2023-04-08 00:00:00,Kedarnath_Valley,1.8,4.4,9.5,2.28,-0.012,0.0,0.0,35.6,15.2,14.3,0
2023-04-08 06:00:00,Lahaul_Spiti,5.6,11.1,29.1,4.4,-0.033,1.2,0.191,25.4,11.8,10.4,0
2023-04-08 12:00:00,Kedarnath_Valley,8.4,21.9,92.8,9.99,0.612,13.7,1.412,204.7,15.2,14.1,2
2023-04-08 18:00:00,Teesta_Basin,0.6,1.2,2.8,2.98,-0.015,0.7,0.111,28.4,11.3,10.4,0
2023-04-09 00:00:00,Lahaul_Spiti,11.5,31.6,106.1,6.37,0.619,6.8,0.891,63.9,10.5,9.9,1
2023-04-09 06:00:00,Rolwaling_Valley,3.2,7.1,26.9,7.04,0.357,7.2,0.792,62.1,16.1,15.1,1
2023-04-09 12:00:00,Lahaul_Spiti,9.9,25.4,77.5,7.92,0.692,23.8,2.163,164.4,7.3,5.9,2
2023-04-09 18:00:00,Solukhumbu_Catchment,17.2,43.2,162.6,15.74,1.121,83.0,14.456,410.6,-2.4,-3.2,3
2023-04-10 00:00:00,Solukhumbu_Catchment,1.0,2.0,6.0,3.63,0.147,1.4,0.088,34.5,11.3,9.7,0
2023-04-10 06:00:00,Teesta_Basin,0.8,1.8,5.4,4.15,0.149,0.7,0.126,16.3,13.8,12.5,0
2023-04-10 12:00:00,Solukhumbu_Catchment,6.5,14.6,48.2,14.12,0.682,12.8,1.658,237.0,5.9,4.9,2
2023-04-10 18:00:00,Kedarnath_Valley,0.4,1.0,4.3,8.92,0.69,39.4,3.988,207.9,6.4,5.3,2
2023-04-11 00:00:00,Rolwaling_Valley,5.5,13.1,50.7,6.16,0.601,6.2,1.381,77.3,9.9,8.4,1
2023-04-11 06:00:00,Rolwaling_Valley,63.6,203.0,959.5,17.42,1.157,70.5,5.762,249.3,5.6,5.1,3
2023-04-11 12:00:00,Kedarnath_Valley,5.9,11.8,27.0,3.51,0.198,1.4,0.208,27.9,4.7,4.0,0
2023-04-11 18:00:00,Kedarnath_Valley,1.3,3.1,8.6,2.93,-0.001,1.4,0.086,28.6,19.3,17.3,0
2023-04-12 00:00:00,Kedarnath_Valley,6.3,15.7,49.2,5.48,0.459,4.8,0.66,67.8,11.1,10.5,1
2023-04-12 06:00:00,Kedarnath_Valley,107.8,354.1,1407.6,17.16,1.118,76.3,11.02,263.3,6.4,6.0,3
2023-04-12 12:00:00,Kedarnath_Valley,0.9,1.8,3.9,3.59,0.17,0.9,0.206,34.0,0.6,-0.4,0
2023-04-12 18:00:00,Teesta_Basin,8.4,21.0,82.2,4.27,0.452,6.4,0.589,81.5,15.8,14.3,1
2023-04-13 00:00:00,Teesta_Basin,11.4,27.3,74.9,5.09,0.087,2.3,0.442,20.6,10.7,9.3,0
2023-04-13 06:00:00,Rolwaling_Valley,5.7,13.6,27.5,2.28,-0.265,0.8,0.092,33.1,12.7,11.0,0
2023-04-13 12:00:00,Teesta_Basin,1.8,4.4,12.5,3.52,0.081,0.4,0.096,31.3,20.8,19.0,0
2023-04-13 18:00:00,Kedarnath_Valley,1.5,3.6,8.6,2.63,-0.137,1.2,0.281,22.9,9.0,7.2,0
2023-04-14 00:00:00,Rolwaling_Valley,6.5,15.0,62.8,10.32,0.762,22.2,1.14,159.9,5.9,5.3,2
2023-04-14 06:00:00,Teesta_Basin,38.7,134.7,469.2,16.92,1.246,48.6,3.29,231.3,6.9,6.1,3
2023-04-14 12:00:00,Rolwaling_Valley,0.1,0.2,0.6,4.71,0.231,1.5,0.239,34.1,10.3,9.5,0
2023-04-14 18:00:00,Solukhumbu_Catchment,4.3,9.9,19.9,2.28,0.054,0.7,0.158,37.5,7.4,5.6,0
2023-04-15 00:00:00,Kedarnath_Valley,48.9,140.5,479.3,8.73,0.691,17.9,3.398,233.7,7.1,5.9,2
2023-04-15 06:00:00,Lahaul_Spiti,50.3,128.5,389.8,10.66,0.795,20.1,4.652,161.7,7.8,6.3,2
2023-04-15 12:00:00,Teesta_Basin,1.0,2.1,5.1,4.37,0.076,2.0,0.353,33.4,18.2,16.9,0
2023-04-15 18:00:00,Kedarnath_Valley,1.1,2.6,5.7,4.26,0.073,1.2,0.189,26.4,10.2,9.0,0
2023-04-16 00:00:00,Teesta_Basin,23.0,57.6,181.8,5.9,0.639,4.3,0.44,52.6,12.7,12.2,1
2023-04-16 06:00:00,Kedarnath_Valley,0.8,2.0,5.9,6.5,0.42,6.2,1.294,70.1,6.7,5.3,1
2023-04-16 12:00:00,Lahaul_Spiti,0.9,2.3,6.0,3.22,0.166,2.5,0.285,46.5,13.2,12.5,0
2023-04-16 18:00:00,Kedarnath_Valley,0.9,1.9,6.4,4.54,0.105,0.9,0.065,26.8,16.5,14.9,0
2023-04-17 00:00:00,Rolwaling_Valley,70.0,217.3,936.3,15.94,0.839,79.8,4.338,283.9,-2.0,-3.2,3
2023-04-17 06:00:00,Teesta_Basin,3.4,9.3,41.8,8.9,0.877,35.6,4.365,226.2,6.6,6.1,2
2023-04-17 12:00:00,Solukhumbu_Catchment,4.6,11.3,27.3,4.46,0.02,1.4,0.319,29.1,16.6,15.5,0
2023-04-17 18:00:00,Lahaul_Spiti,10.9,27.9,81.0,7.14,0.344,8.7,0.507,58.7,7.7,6.4,1
2023-04-18 00:00:00,Lahaul_Spiti,2.1,4.6,10.1,3.5,-0.06,1.4,0.255,33.1,14.4,12.5,0
2023-04-18 06:00:00,Teesta_Basin,3.8,8.3,24.0,1.88,0.387,1.1,0.202,30.5,13.8,12.5,0
2023-04-18 12:00:00,Lahaul_Spiti,0.2,0.4,1.2,5.91,0.226,5.0,0.847,92.2,10.9,9.3,1
2023-04-18 18:00:00,Kedarnath_Valley,2.6,6.0,18.2,2.43,-0.123,1.6,0.12,41.2,9.7,9.0,0
2023-04-19 00:00:00,Lahaul_Spiti,10.0,26.7,89.4,9.61,0.781,26.6,5.629,105.0,7.5,6.2,2
2023-04-19 06:00:00,Lahaul_Spiti,0.2,0.5,1.2,5.84,0.504,5.8,1.011,78.3,12.0,11.2,1
2023-04-19 12:00:00,Teesta_Basin,60.7,140.7,548.3,10.08,0.821,22.0,3.714,180.1,11.9,11.1,2
2023-04-19 18:00:00,Kedarnath_Valley,12.4,24.9,60.8,2.79,-0.243,0.1,0.027,20.4,15.5,14.6,0
2023-04-20 00:00:00,Kedarnath_Valley,72.8,199.7,661.5,11.59,0.664,19.1,1.501,178.3,8.5,7.8,2
2023-04-20 06:00:00,Teesta_Basin,5.5,13.0,46.8,6.17,0.583,4.0,0.393,75.5,10.5,9.9,1
2023-04-20 12:00:00,Kedarnath_Valley,3.0,5.9,12.2,3.9,0.075,2.2,0.484,39.4,16.6,15.4,0
2023-04-20 18:00:00,Lahaul_Spiti,11.7,29.2,88.5,4.26,-0.046,1.7,0.36,39.6,15.0,14.3,0
2023-04-21 00:00:00,Kedarnath_Valley,14.9,44.0,194.6,9.78,0.678,1.5,0.34,149.0,7.5,6.7,2
2023-04-21 06:00:00,Solukhumbu_Catchment,1.1,2.7,8.1,5.33,-0.227,1.0,0.224,22.0,10.4,9.8,0
2023-04-21 12:00:00,Rolwaling_Valley,17.1,48.0,135.1,8.45,0.433,2.8,0.649,71.3,11.3,10.5,1
2023-04-21 18:00:00,Teesta_Basin,33.1,86.7,274.3,11.16,0.843,20.9,1.435,173.7,5.0,4.3,2
2023-04-22 00:00:00,Teesta_Basin,3.3,8.4,27.1,13.56,1.099,111.4,24.353,340.4,6.1,5.3,3
2023-04-22 06:00:00,Kedarnath_Valley,1.3,3.1,8.6,4.13,-0.103,1.3,0.073,30.3,12.9,11.9,0
2023-04-22 12:00:00,Rolwaling_Valley,13.2,35.5,137.4,13.75,0.64,22.5,4.433,212.4,7.7,6.8,2
2023-04-22 18:00:00,Solukhumbu_Catchment,10.9,24.8,62.8,5.7,0.421,7.2,0.991,62.0,11.0,9.7,1
2023-04-23 00:00:00,Lahaul_Spiti,13.2,28.8,107.2,6.48,0.3,5.8,1.016,68.2,15.2,13.9,1
2023-04-23 06:00:00,Kedarnath_Valley,0.3,0.7,1.9,5.62,0.42,9.0,1.716,84.2,9.1,7.5,1
2023-04-23 12:00:00,Teesta_Basin,8.8,21.1,58.9,9.82,0.442,4.8,0.564,101.2,8.8,7.7,1
2023-04-23 18:00:00,Rolwaling_Valley,1.4,3.2,8.4,6.29,0.716,7.4,0.697,107.3,7.3,5.8,1
2023-04-24 00:00:00,Rolwaling_Valley,0.3,0.7,2.0,3.66,-0.089,1.4,0.341,34.5,1.5,0.6,0
2023-04-24 06:00:00,Rolwaling_Valley,0.2,0.6,2.0,17.01,1.101,84.4,7.942,378.6,2.9,2.3,3
2023-04-24 12:00:00,Teesta_Basin,10.4,35.7,133.3,17.62,0.942,82.8,8.589,351.5,4.3,4.0,3
2023-04-24 18:00:00,Lahaul_Spiti,1.7,4.6,15.7,7.78,0.33,5.4,0.67,79.1,10.4,9.5,1
2023-04-25 00:00:00,Lahaul_Spiti,16.5,48.3,209.6,12.15,0.659,24.0,5.058,229.2,5.5,5.0,2
2023-04-25 06:00:00,Lahaul_Spiti,2.6,5.8,11.7,3.97,0.067,1.3,0.271,20.6,14.9,13.4,0
2023-04-25 12:00:00,Solukhumbu_Catchment,6.0,19.7,67.5,17.21,1.123,85.7,19.021,417.4,6.5,6.0,3
2023-04-25 18:00:00,Teesta_Basin,9.9,21.7,80.5,8.09,0.419,4.4,0.338,75.5,0.7,-0.8,1
2023-04-26 00:00:00,Kedarnath_Valley,5.9,12.3,31.2,5.8,0.311,7.5,0.791,73.1,10.2,8.9,1
2023-04-26 06:00:00,Kedarnath_Valley,13.5,30.2,99.5,11.58,0.731,21.2,4.688,223.2,4.0,3.0,2
2023-04-26 12:00:00,Teesta_Basin,2.3,5.0,16.0,3.41,-0.035,0.5,0.031,19.0,6.6,5.6,0
2023-04-26 18:00:00,Solukhumbu_Catchment,25.0,68.1,232.1,7.79,0.587,6.3,1.282,78.8,17.8,16.0,1
2023-04-27 00:00:00,Solukhumbu_Catchment,2.4,4.9,13.2,3.38,-0.159,0.6,0.056,33.9,4.2,2.3,0
2023-04-27 06:00:00,Lahaul_Spiti,0.5,1.4,5.6,9.58,0.463,30.3,6.011,147.4,9.3,8.6,2
2023-04-27 12:00:00,Lahaul_Spiti,9.6,28.1,84.8,11.61,0.623,23.0,2.053,226.2,4.4,3.7,2
2023-04-27 18:00:00,Solukhumbu_Catchment,0.4,0.7,2.9,6.48,0.336,4.2,0.83,92.4,0.9,0.3,1
2023-04-28 00:00:00,Solukhumbu_Catchment,2.8,6.4,13.9,3.29,-0.111,0.8,0.173,30.9,12.4,11.0,0
2023-04-28 06:00:00,Teesta_Basin,3.0,7.2,19.4,3.98,0.007,1.5,0.319,28.9,8.8,6.9,0
2023-04-28 12:00:00,Lahaul_Spiti,2.1,4.8,11.1,3.92,0.172,0.7,0.038,34.4,8.8,7.2,0
2023-04-28 18:00:00,Teesta_Basin,5.7,15.2,59.3,10.97,0.47,24.4,3.018,155.4,5.9,5.1,2
2023-04-29 00:00:00,Teesta_Basin,17.3,39.5,136.9,7.31,0.717,31.3,2.143,182.2,12.4,11.6,2
2023-04-29 06:00:00,Lahaul_Spiti,13.7,44.8,217.4,15.56,1.074,76.1,14.176,448.0,-1.0,-2.0,3
2023-04-29 12:00:00,Lahaul_Spiti,0.2,0.4,1.2,6.14,0.33,5.0,0.296,115.4,12.5,11.5,1
2023-04-29 18:00:00,Solukhumbu_Catchment,7.3,15.9,36.0,4.45,-0.006,1.9,0.336,15.1,16.3,14.8,0
2023-04-30 00:00:00,Solukhumbu_Catchment,2.1,4.4,9.8,2.61,0.193,1.5,0.164,35.8,8.5,7.7,0
2023-04-30 06:00:00,Kedarnath_Valley,2.9,6.6,21.4,3.61,0.009,1.7,0.142,12.5,10.5,8.8,0
2023-04-30 12:00:00,Lahaul_Spiti,6.0,16.1,63.4,6.04,0.61,7.8,1.707,93.0,13.7,12.2,1
2023-04-30 18:00:00,Solukhumbu_Catchment,2.3,5.7,21.7,8.42,0.39,7.6,0.595,89.5,11.4,10.4,1
2023-05-01 00:00:00,Lahaul_Spiti,20.9,52.7,232.0,13.81,0.941,95.7,15.614,464.8,6.6,6.4,3
2023-05-01 06:00:00,Lahaul_Spiti,5.0,10.2,28.4,3.83,0.183,1.4,0.336,12.0,7.2,6.3,0
2023-05-01 12:00:00,Teesta_Basin,4.5,9.2,28.9,5.83,0.216,5.5,1.026,92.2,13.1,12.0,1
2023-05-01 18:00:00,Lahaul_Spiti,0.8,1.9,4.4,4.4,-0.154,1.6,0.155,54.9,11.3,10.4,0
2023-05-02 00:00:00,Teesta_Basin,5.3,13.7,39.7,7.89,0.462,7.0,0.979,78.0,10.5,8.7,1
2023-05-02 06:00:00,Solukhumbu_Catchment,11.2,23.0,73.5,5.87,0.16,7.3,1.22,74.1,9.4,8.4,1
2023-05-02 12:00:00,Teesta_Basin,2.1,5.3,18.7,5.64,0.492,6.0,1.44,78.1,12.2,11.0,1
2023-05-02 18:00:00,Teesta_Basin,0.7,1.7,6.1,14.28,1.059,30.7,3.256,263.8,9.7,8.5,2
2023-05-03 00:00:00,Lahaul_Spiti,1.8,3.8,12.6,4.55,0.033,1.6,0.26,22.3,13.4,12.3,0
2023-05-03 06:00:00,Kedarnath_Valley,7.4,14.9,46.6,7.47,0.274,6.2,0.565,79.5,13.1,12.4,1
2023-05-03 12:00:00,Lahaul_Spiti,4.8,9.5,31.7,4.06,0.19,1.0,0.073,35.9,15.5,14.8,0
2023-05-03 18:00:00,Lahaul_Spiti,40.2,129.5,632.5,12.1,1.256,59.6,9.673,442.3,4.1,3.1,3
2023-05-04 00:00:00,Teesta_Basin,0.7,1.3,4.4,4.32,-0.206,1.7,0.291,36.3,7.1,5.6,0
2023-05-04 06:00:00,Rolwaling_Valley,106.7,287.2,1215.1,15.11,1.085,38.6,3.976,330.6,2.8,2.2,3
2023-05-04 12:00:00,Kedarnath_Valley,11.0,26.6,117.1,10.96,0.71,30.3,6.337,207.7,8.4,7.1,2
2023-05-04 18:00:00,Teesta_Basin,1.2,3.0,8.1,4.73,0.781,6.1,0.315,87.1,8.6,7.2,1
2023-05-05 00:00:00,Teesta_Basin,12.2,26.8,82.7,6.12,0.369,6.6,0.524,70.9,9.6,8.5,1
2023-05-05 06:00:00,Solukhumbu_Catchment,2.2,6.3,25.9,12.83,0.771,22.8,4.998,179.5,6.0,4.7,2
2023-05-05 12:00:00,Teesta_Basin,2.4,6.3,17.4,7.2,0.336,5.1,1.113,68.3,8.3,7.7,1
2023-05-05 18:00:00,Kedarnath_Valley,0.7,1.8,6.0,4.35,0.05,1.0,0.18,24.0,9.1,7.5,0
2023-05-06 00:00:00,Solukhumbu_Catchment,13.6,35.4,105.3,6.79,0.246,1.8,0.1,57.8,12.3,11.2,1
2023-05-06 06:00:00,Kedarnath_Valley,9.4,21.7,76.4,5.45,0.328,6.5,1.172,89.3,11.5,10.8,1
2023-05-06 12:00:00,Teesta_Basin,36.8,97.9,253.6,4.16,0.401,10.1,1.837,81.6,6.8,5.8,1
2023-05-06 18:00:00,Solukhumbu_Catchment,5.3,12.6,32.3,7.46,0.311,6.5,0.718,65.7,11.7,10.6,1
2023-05-07 00:00:00,Teesta_Basin,63.4,168.9,626.2,9.31,0.924,32.4,5.012,168.4,5.5,4.4,2
2023-05-07 06:00:00,Teesta_Basin,0.3,0.6,1.3,3.1,0.352,0.9,0.148,34.7,13.4,11.9,0
2023-05-07 12:00:00,Rolwaling_Valley,4.4,10.8,26.3,3.69,0.238,0.2,0.033,39.5,14.6,14.0,0
2023-05-07 18:00:00,Solukhumbu_Catchment,3.1,6.2,20.9,2.86,0.075,1.4,0.273,46.5,8.8,7.6,0
2023-05-08 00:00:00,Teesta_Basin,12.9,27.7,106.4,5.83,0.358,6.5,0.861,49.1,9.9,8.9,1
2023-05-08 06:00:00,Lahaul_Spiti,1.2,2.2,5.4,2.41,0.353,0.4,0.087,26.0,5.5,4.5,0
2023-05-08 12:00:00,Kedarnath_Valley,7.1,15.9,48.1,13.38,0.55,18.5,2.972,218.2,5.4,4.0,2
2023-05-08 18:00:00,Rolwaling_Valley,3.6,6.4,16.5,4.08,-0.262,1.0,0.207,36.3,14.4,13.8,0
2023-05-09 00:00:00,Teesta_Basin,4.4,11.6,34.2,6.83,0.297,8.7,0.963,87.3,13.7,12.4,1
2023-05-09 06:00:00,Kedarnath_Valley,7.0,16.7,56.4,13.79,0.737,19.8,1.507,209.1,-1.7,-2.4,2
2023-05-09 12:00:00,Lahaul_Spiti,6.5,15.8,49.4,2.69,0.26,1.6,0.086,49.4,8.7,8.1,0
2023-05-09 18:00:00,Solukhumbu_Catchment,11.4,39.1,144.3,17.42,0.92,71.4,3.625,476.0,4.6,3.4,3
2023-05-10 00:00:00,Rolwaling_Valley,5.8,13.3,44.3,3.83,-0.037,0.9,0.142,34.6,16.8,15.6,0
2023-05-10 06:00:00,Lahaul_Spiti,21.4,42.9,103.7,3.77,0.005,1.3,0.277,39.5,10.8,9.9,0
2023-05-10 12:00:00,Teesta_Basin,7.2,18.9,48.8,9.38,0.336,6.9,0.364,61.5,7.0,5.7,1
2023-05-10 18:00:00,Kedarnath_Valley,8.0,19.9,58.0,6.96,0.327,5.6,1.236,58.8,14.1,12.4,1
2023-05-11 00:00:00,Solukhumbu_Catchment,6.3,14.0,55.3,5.85,0.409,7.8,0.478,50.5,7.3,6.4,1
2023-05-11 06:00:00,Kedarnath_Valley,15.5,41.2,162.3,5.39,0.589,7.1,0.5,42.2,10.8,10.0,1
2023-05-11 12:00:00,Teesta_Basin,27.4,68.0,252.6,6.55,0.276,8.8,0.545,75.8,8.0,6.5,1
2023-05-11 18:00:00,Rolwaling_Valley,1.2,2.9,7.3,4.12,0.014,1.0,0.111,38.4,8.5,7.0,0
2023-05-12 00:00:00,Solukhumbu_Catchment,1.9,4.4,19.4,10.29,0.914,14.6,1.534,256.2,3.6,2.2,2
2023-05-12 06:00:00,Teesta_Basin,5.0,10.7,36.0,4.73,0.489,2.2,0.385,79.7,10.0,9.4,1
2023-05-12 12:00:00,Rolwaling_Valley,7.7,21.7,68.4,8.33,0.853,22.7,5.372,200.5,5.0,4.2,2
2023-05-12 18:00:00,Teesta_Basin,1.9,4.5,15.3,3.46,-0.311,1.2,0.257,20.5,11.3,9.5,0
2023-05-13 00:00:00,Lahaul_Spiti,24.8,69.6,285.6,7.53,0.878,47.1,5.914,209.3,8.3,7.4,2
2023-05-13 06:00:00,Solukhumbu_Catchment,4.2,9.6,26.8,2.99,0.079,0.6,0.131,42.2,11.3,9.5,0
2023-05-13 12:00:00,Lahaul_Spiti,1.2,2.2,5.7,4.86,0.045,0.6,0.073,37.8,17.6,16.9,0
2023-05-13 18:00:00,Solukhumbu_Catchment,2.7,5.9,11.8,4.03,-0.009,0.8,0.064,38.5,11.2,9.4,0
2023-05-14 00:00:00,Rolwaling_Valley,46.1,134.4,482.0,14.83,0.798,90.1,21.964,450.0,3.8,3.2,3
2023-05-14 06:00:00,Kedarnath_Valley,18.5,42.3,147.8,6.62,0.379,4.6,0.284,69.2,5.8,4.5,1
2023-05-14 12:00:00,Lahaul_Spiti,0.4,0.9,2.8,8.4,0.444,5.2,0.574,82.7,11.9,10.1,1
2023-05-14 18:00:00,Solukhumbu_Catchment,26.4,65.0,227.5,6.85,0.501,5.5,0.32,72.9,9.2,7.9,1
2023-05-15 00:00:00,Kedarnath_Valley,5.4,10.1,30.6,4.66,0.282,0.7,0.038,17.3,7.4,6.5,0
2023-05-15 06:00:00,Rolwaling_Valley,9.3,26.8,106.8,12.58,0.725,31.0,5.375,150.3,4.8,3.6,2
2023-05-15 12:00:00,Solukhumbu_Catchment,6.0,14.6,51.0,3.01,-0.012,1.6,0.267,24.3,20.5,19.7,0
2023-05-15 18:00:00,Teesta_Basin,0.2,0.4,1.4,7.27,0.557,8.9,1.307,63.9,10.2,8.5,1
2023-05-16 00:00:00,Teesta_Basin,0.4,0.9,3.3,15.35,0.452,11.0,1.409,146.4,0.1,-1.1,2
2023-05-16 06:00:00,Kedarnath_Valley,1.7,3.8,8.0,3.01,0.052,1.0,0.171,21.0,6.6,5.2,0
2023-05-16 12:00:00,Teesta_Basin,3.3,6.8,27.0,5.31,0.356,1.4,0.079,85.1,17.5,16.4,1
2023-05-16 18:00:00,Teesta_Basin,0.1,0.2,0.8,8.41,0.503,6.8,0.379,70.8,5.7,5.1,1
2023-05-17 00:00:00,Rolwaling_Valley,15.5,34.8,104.2,6.21,0.301,5.6,1.155,61.9,11.4,10.9,1
2023-05-17 06:00:00,Teesta_Basin,36.3,81.8,295.7,11.68,0.646,18.7,3.01,185.5,8.6,7.2,2
2023-05-17 12:00:00,Rolwaling_Valley,21.2,47.4,183.1,12.72,0.752,30.9,2.024,166.6,13.3,12.2,2
2023-05-17 18:00:00,Teesta_Basin,17.2,42.4,138.3,7.69,0.265,4.4,0.87,60.8,13.4,12.6,1
2023-05-18 00:00:00,Teesta_Basin,3.5,9.9,32.5,5.21,0.673,24.8,5.254,234.7,11.2,9.8,2
2023-05-18 06:00:00,Teesta_Basin,4.4,8.6,23.7,4.35,-0.165,1.3,0.271,29.9,10.0,8.4,0
2023-05-18 12:00:00,Lahaul_Spiti,24.6,51.4,187.0,4.93,0.422,5.8,0.592,68.5,8.1,6.6,1
2023-05-18 18:00:00,Teesta_Basin,18.3,41.8,183.5,11.24,0.639,17.4,2.202,168.0,5.3,4.4,2
2023-05-19 00:00:00,Kedarnath_Valley,163.2,479.6,1957.4,15.82,1.193,78.9,12.56,381.9,3.3,2.2,3
2023-05-19 06:00:00,Teesta_Basin,26.3,66.9,273.6,15.44,0.787,71.8,16.056,378.2,3.1,2.3,3
2023-05-19 12:00:00,Solukhumbu_Catchment,1.4,3.7,13.8,11.13,0.655,22.5,4.885,211.5,8.6,8.0,2
2023-05-19 18:00:00,Lahaul_Spiti,0.1,0.3,0.8,2.0,-0.041,0.9,0.044,30.6,8.9,7.4,0
2023-05-20 00:00:00,Kedarnath_Valley,10.0,22.4,45.6,3.24,-0.007,0.0,0.0,19.1,7.6,6.4,0
2023-05-20 06:00:00,Kedarnath_Valley,5.0,16.8,68.1,18.29,1.138,66.8,16.027,390.2,4.7,3.6,3
2023-05-20 12:00:00,Kedarnath_Valley,2.7,6.5,19.2,3.54,-0.165,1.5,0.183,31.5,9.8,8.7,0
2023-05-20 18:00:00,Teesta_Basin,0.1,0.2,0.7,4.22,-0.161,1.7,0.417,24.6,8.1,7.5,0
2023-05-21 00:00:00,Lahaul_Spiti,0.6,1.3,3.9,2.25,-0.162,2.6,0.582,26.9,12.7,12.0,0
2023-05-21 06:00:00,Kedarnath_Valley,5.3,10.9,28.6,3.79,0.206,1.2,0.196,20.7,18.1,16.5,0
2023-05-21 12:00:00,Lahaul_Spiti,3.7,7.2,17.3,3.68,-0.136,0.9,0.183,34.4,8.7,7.2,0
2023-05-21 18:00:00,Solukhumbu_Catchment,23.1,58.7,202.5,5.97,0.274,3.4,0.225,79.9,10.7,10.0,1
2023-05-22 00:00:00,Lahaul_Spiti,4.5,10.8,30.9,4.16,0.135,0.6,0.035,30.2,20.0,18.6,0
2023-05-22 06:00:00,Lahaul_Spiti,4.0,9.5,20.9,3.25,-0.17,1.9,0.272,46.5,15.7,15.0,0
2023-05-22 12:00:00,Solukhumbu_Catchment,0.9,2.2,6.7,5.09,0.563,13.2,2.941,67.0,9.4,8.2,1
2023-05-22 18:00:00,Solukhumbu_Catchment,0.7,1.5,3.9,2.6,-0.319,1.3,0.093,26.2,8.4,7.3,0
2023-05-23 00:00:00,Kedarnath_Valley,1.7,4.0,13.1,3.77,0.01,1.5,0.306,25.2,9.9,8.6,0
2023-05-23 06:00:00,Kedarnath_Valley,0.9,2.0,4.4,4.7,0.259,1.4,0.247,44.1,2.4,1.5,0
2023-05-23 12:00:00,Lahaul_Spiti,7.0,15.2,50.3,3.44,0.127,1.3,0.141,26.3,12.4,10.7,0
2023-05-23 18:00:00,Lahaul_Spiti,1.5,3.3,9.8,4.19,-0.051,1.2,0.168,38.7,4.0,3.3,0
2023-05-24 00:00:00,Kedarnath_Valley,4.9,9.3,24.1,2.87,0.213,2.1,0.137,30.8,13.9,12.9,0
2023-05-24 06:00:00,Teesta_Basin,19.6,56.1,169.0,11.42,0.591,30.2,4.012,141.5,7.5,6.0,2
2023-05-24 12:00:00,Teesta_Basin,14.7,35.1,105.5,5.83,0.52,4.7,0.543,83.5,10.0,8.8,1
2023-05-24 18:00:00,Solukhumbu_Catchment,4.4,10.9,36.9,7.34,0.506,9.3,0.626,81.6,16.3,15.4,1
2023-05-25 00:00:00,Kedarnath_Valley,5.4,15.6,65.6,10.71,0.799,15.7,2.094,160.7,7.0,6.2,2
2023-05-25 06:00:00,Kedarnath_Valley,3.7,9.0,23.5,3.86,0.358,1.6,0.217,25.8,10.2,8.8,0
2023-05-25 12:00:00,Rolwaling_Valley,3.5,8.0,24.1,6.99,0.542,3.0,0.209,53.3,13.8,12.2,1
2023-05-25 18:00:00,Lahaul_Spiti,0.1,0.2,0.6,5.4,0.435,6.9,1.271,65.4,11.4,9.9,1
2023-05-26 00:00:00,Teesta_Basin,2.5,6.7,22.8,7.93,0.417,8.0,1.004,39.1,9.3,8.3,1
2023-05-26 06:00:00,Kedarnath_Valley,8.7,26.9,129.6,16.85,0.917,93.8,16.407,294.4,6.9,6.5,3
2023-05-26 12:00:00,Lahaul_Spiti,0.8,1.8,4.4,2.75,0.041,0.9,0.206,28.3,15.3,13.7,0
2023-05-26 18:00:00,Teesta_Basin,3.4,7.1,15.7,3.86,0.016,0.8,0.045,40.3,8.3,6.9,0
2023-05-27 00:00:00,Teesta_Basin,6.0,16.8,65.3,11.32,1.047,16.5,3.404,175.3,5.7,5.1,2
2023-05-27 06:00:00,Kedarnath_Valley,3.8,8.6,23.3,3.36,0.066,1.6,0.331,36.5,10.6,9.1,0
2023-05-27 12:00:00,Lahaul_Spiti,1.6,3.8,8.5,3.43,0.162,1.2,0.188,36.1,14.1,13.1,0
2023-05-27 18:00:00,Teesta_Basin,2.0,3.7,11.6,3.52,0.215,2.4,0.514,34.8,8.7,7.7,0
2023-05-28 00:00:00,Rolwaling_Valley,22.8,50.4,179.8,5.28,0.41,6.4,1.218,93.0,9.6,9.0,1
2023-05-28 06:00:00,Solukhumbu_Catchment,0.0,0.1,0.2,3.11,-0.023,1.2,0.073,28.2,5.2,3.8,0
2023-05-28 12:00:00,Solukhumbu_Catchment,2.0,4.1,13.7,6.95,0.383,4.1,0.783,73.1,8.2,6.5,1
2023-05-28 18:00:00,Rolwaling_Valley,0.0,0.0,0.1,5.75,0.434,3.7,0.68,76.3,12.1,11.3,1
2023-05-29 00:00:00,Rolwaling_Valley,0.6,1.3,3.2,2.78,0.122,1.7,0.131,48.7,8.6,7.1,0
2023-05-29 06:00:00,Teesta_Basin,32.5,80.8,269.7,5.45,0.418,9.8,2.405,85.8,12.1,10.4,1
2023-05-29 12:00:00,Teesta_Basin,3.7,7.3,18.2,2.84,0.054,1.1,0.165,30.3,19.3,18.3,0
2023-05-29 18:00:00,Lahaul_Spiti,3.4,7.6,23.4,6.53,0.577,7.8,1.002,54.3,10.0,8.6,1
2023-05-30 00:00:00,Solukhumbu_Catchment,0.1,0.2,0.8,5.01,0.159,0.8,0.077,23.8,8.5,7.5,0
2023-05-30 06:00:00,Teesta_Basin,2.0,4.2,10.6,3.86,0.237,2.1,0.135,19.4,19.2,17.7,0
2023-05-30 12:00:00,Lahaul_Spiti,8.7,17.6,50.0,4.76,-0.007,0.9,0.082,39.1,11.4,10.7,0
2023-05-30 18:00:00,Lahaul_Spiti,3.5,7.3,24.1,2.44,0.343,2.3,0.331,22.5,5.1,4.5,0
2023-05-31 00:00:00,Solukhumbu_Catchment,15.6,34.9,113.3,6.47,0.185,8.6,0.661,91.2,6.8,5.7,1
2023-05-31 06:00:00,Kedarnath_Valley,1.4,2.7,7.2,3.12,0.124,0.3,0.03,41.5,17.5,15.9,0
2023-05-31 12:00:00,Lahaul_Spiti,0.5,0.9,3.0,8.97,0.324,7.2,0.923,98.7,6.4,5.1,1
2023-05-31 18:00:00,Rolwaling_Valley,4.9,10.2,28.0,3.95,0.169,1.2,0.122,20.4,13.9,12.6,0
2023-06-01 00:00:00,Kedarnath_Valley,0.1,0.3,0.7,4.37,0.23,0.9,0.118,28.9,18.4,16.7,0
2023-06-01 06:00:00,Kedarnath_Valley,6.4,16.1,42.9,7.55,0.391,5.4,0.611,97.8,11.3,10.8,1
2023-06-01 12:00:00,Teesta_Basin,2.7,5.5,13.3,3.02,0.446,1.4,0.177,34.3,14.6,13.9,0
2023-06-01 18:00:00,Teesta_Basin,23.5,65.1,259.8,6.86,0.567,5.1,0.429,69.4,11.9,10.9,1
2023-06-02 00:00:00,Lahaul_Spiti,0.4,1.1,3.2,8.94,0.759,6.7,0.377,70.8,10.8,10.1,1
2023-06-02 06:00:00,Lahaul_Spiti,2.7,5.5,15.9,5.58,0.501,7.3,0.391,77.3,9.3,8.2,1
2023-06-02 12:00:00,Lahaul_Spiti,5.8,15.2,55.7,5.79,0.476,4.8,0.863,59.4,12.1,11.0,1
2023-06-02 18:00:00,Kedarnath_Valley,1.0,1.9,5.0,3.85,0.219,0.8,0.197,27.2,15.8,15.2,0
2023-06-03 00:00:00,Rolwaling_Valley,5.6,11.6,32.1,3.72,0.192,0.9,0.092,31.3,10.3,9.2,0
2023-06-03 06:00:00,Solukhumbu_Catchment,40.4,102.2,326.0,9.76,0.698,34.9,5.4,179.7,10.6,9.9,2
2023-06-03 12:00:00,Solukhumbu_Catchment,0.3,0.6,2.0,2.47,-0.015,1.6,0.109,31.4,11.1,10.0,0
2023-06-03 18:00:00,Lahaul_Spiti,1.2,3.1,11.9,8.67,0.5,5.0,0.433,101.1,13.6,12.6,1
2023-06-04 00:00:00,Kedarnath_Valley,4.1,9.6,32.1,9.01,0.636,7.6,1.431,74.8,9.0,7.9,1
2023-06-04 06:00:00,Solukhumbu_Catchment,1.4,3.0,7.3,3.04,-0.019,1.9,0.354,44.3,10.5,9.9,0
2023-06-04 12:00:00,Kedarnath_Valley,106.1,274.0,926.7,21.75,1.289,47.3,11.712,382.0,5.1,4.4,3
2023-06-04 18:00:00,Kedarnath_Valley,0.7,1.4,4.4,3.77,0.285,1.4,0.347,40.1,12.0,11.0,0
2023-06-05 00:00:00,Kedarnath_Valley,9.0,23.8,94.9,7.93,0.288,4.3,0.443,88.9,8.4,7.0,1
2023-06-05 06:00:00,Solukhumbu_Catchment,23.4,69.8,239.8,10.38,0.777,30.9,7.502,155.3,5.7,4.8,2
2023-06-05 12:00:00,Lahaul_Spiti,9.0,16.4,40.3,3.79,-0.121,0.9,0.135,19.7,17.9,16.0,0
2023-06-05 18:00:00,Kedarnath_Valley,6.1,11.6,34.9,2.84,0.449,1.2,0.233,45.0,9.1,7.8,0
2023-06-06 00:00:00,Kedarnath_Valley,0.6,1.5,4.9,3.11,0.193,1.1,0.121,25.0,19.3,18.1,0
2023-06-06 06:00:00,Teesta_Basin,2.8,7.6,24.9,4.82,0.351,4.5,0.523,68.1,12.7,11.7,1
2023-06-06 12:00:00,Kedarnath_Valley,0.2,0.4,1.0,4.41,0.277,0.6,0.062,34.9,5.3,3.4,0
2023-06-06 18:00:00,Teesta_Basin,0.6,1.3,2.7,2.59,0.199,0.8,0.126,26.1,3.7,2.5,0
2023-06-07 00:00:00,Lahaul_Spiti,12.9,36.7,122.3,17.27,1.142,78.3,8.989,347.7,5.0,4.3,3
2023-06-07 06:00:00,Lahaul_Spiti,1.7,4.3,15.0,4.15,0.346,7.1,1.302,93.3,9.8,8.9,1
2023-06-07 12:00:00,Solukhumbu_Catchment,12.6,27.2,78.2,6.37,0.343,5.1,0.467,84.0,11.7,9.9,1
2023-06-07 18:00:00,Solukhumbu_Catchment,29.8,73.7,219.7,9.37,0.644,35.4,7.033,124.7,7.4,6.4,2
2023-06-08 00:00:00,Rolwaling_Valley,0.1,0.2,0.6,3.75,0.154,0.7,0.096,25.7,9.5,7.8,0
2023-06-08 06:00:00,Lahaul_Spiti,9.6,24.2,61.5,6.86,0.483,7.2,1.372,81.9,11.5,10.6,1
2023-06-08 12:00:00,Kedarnath_Valley,2.1,4.5,10.9,3.08,-0.183,1.0,0.105,22.8,4.8,4.3,0
2023-06-08 18:00:00,Rolwaling_Valley,1.4,3.6,10.1,8.38,0.386,6.0,0.449,92.4,7.9,6.3,1
2023-06-09 00:00:00,Lahaul_Spiti,5.1,11.3,31.2,6.17,0.599,3.5,0.289,77.8,6.9,6.0,1
2023-06-09 06:00:00,Kedarnath_Valley,4.2,9.9,20.4,5.01,-0.02,1.5,0.087,29.7,20.6,18.8,0
2023-06-09 12:00:00,Kedarnath_Valley,6.4,15.4,61.6,7.26,0.619,7.0,1.262,86.6,9.1,7.5,1
2023-06-09 18:00:00,Solukhumbu_Catchment,4.2,10.8,37.7,12.8,0.983,18.0,1.511,189.4,8.5,7.7,2
2023-06-10 00:00:00,Lahaul_Spiti,0.7,1.8,6.1,5.95,0.242,4.1,0.585,87.9,4.8,3.4,1
2023-06-10 06:00:00,Teesta_Basin,2.7,5.7,18.6,4.32,0.14,1.5,0.257,37.7,12.0,10.1,0
2023-06-10 12:00:00,Rolwaling_Valley,0.0,0.0,0.0,3.71,0.16,1.3,0.32,24.4,11.5,9.5,0
2023-06-10 18:00:00,Solukhumbu_Catchment,1.4,3.0,9.0,4.11,0.176,1.5,0.151,24.4,11.3,9.7,0
2023-06-11 00:00:00,Solukhumbu_Catchment,3.0,10.0,49.3,14.6,1.04,67.1,11.958,406.8,0.7,0.3,3
2023-06-11 06:00:00,Lahaul_Spiti,0.6,1.4,3.9,3.47,0.213,0.7,0.134,44.4,14.6,14.0,0
2023-06-11 12:00:00,Solukhumbu_Catchment,18.0,62.4,299.6,17.44,1.039,56.1,8.638,412.7,3.7,3.2,3
2023-06-11 18:00:00,Lahaul_Spiti,1.8,3.4,11.2,2.23,0.087,0.8,0.152,22.6,10.0,8.5,0
2023-06-12 00:00:00,Lahaul_Spiti,4.4,8.1,22.5,3.62,0.122,1.2,0.089,31.3,13.2,12.4,0
2023-06-12 06:00:00,Solukhumbu_Catchment,8.4,23.6,91.0,15.28,0.955,75.3,6.076,390.0,1.2,0.0,3
2023-06-12 12:00:00,Lahaul_Spiti,48.7,108.9,332.5,10.38,0.491,18.2,2.212,175.6,10.0,9.1,2
2023-06-12 18:00:00,Lahaul_Spiti,5.6,13.5,34.2,6.35,0.356,3.7,0.652,71.2,14.4,13.0,1
2023-06-13 00:00:00,Rolwaling_Valley,1.0,2.5,7.7,4.71,0.016,0.3,0.062,27.5,10.7,9.2,0
2023-06-13 06:00:00,Rolwaling_Valley,4.9,10.2,39.5,6.73,0.295,5.0,0.656,93.0,10.8,9.7,1
2023-06-13 12:00:00,Lahaul_Spiti,5.4,15.1,53.1,4.87,0.332,4.2,0.614,87.3,6.4,4.8,1
2023-06-13 18:00:00,Teesta_Basin,1.5,2.9,7.1,3.32,0.128,0.8,0.053,17.9,8.2,7.2,0
2023-06-14 00:00:00,Lahaul_Spiti,4.8,10.4,25.7,2.97,0.146,1.0,0.189,33.0,10.1,9.3,0
2023-06-14 06:00:00,Solukhumbu_Catchment,7.4,18.6,58.0,8.3,0.464,1.8,0.246,81.2,12.2,11.5,1
2023-06-14 12:00:00,Teesta_Basin,15.0,28.0,65.9,4.2,0.23,1.4,0.074,36.6,11.3,9.4,0
2023-06-14 18:00:00,Solukhumbu_Catchment,14.1,36.2,116.2,11.02,0.893,14.9,3.166,151.7,7.3,5.8,2
2023-06-15 00:00:00,Teesta_Basin,24.4,74.2,304.9,19.03,1.169,75.3,12.622,289.7,0.2,-0.5,3
2023-06-15 06:00:00,Lahaul_Spiti,0.8,1.7,4.4,3.33,-0.299,1.0,0.082,19.6,18.8,18.0,0
2023-06-15 12:00:00,Rolwaling_Valley,7.9,16.0,44.1,7.08,0.237,3.9,0.512,76.0,5.4,4.3,1
2023-06-15 18:00:00,Teesta_Basin,24.2,76.3,276.3,17.23,1.462,107.1,22.284,316.6,5.3,5.1,3
2023-06-16 00:00:00,Lahaul_Spiti,1.9,4.2,14.3,5.45,-0.118,1.4,0.145,30.7,13.9,12.2,0
2023-06-16 06:00:00,Kedarnath_Valley,6.0,16.4,59.9,9.49,0.829,28.2,6.186,209.3,9.4,8.2,2
2023-06-16 12:00:00,Teesta_Basin,3.6,8.4,28.5,3.85,0.276,1.1,0.099,34.3,15.8,14.0,0
2023-06-16 18:00:00,Lahaul_Spiti,0.9,1.8,4.8,4.4,0.082,1.5,0.1,24.1,11.8,11.2,0
2023-06-17 00:00:00,Kedarnath_Valley,0.1,0.2,0.7,3.1,0.077,0.8,0.162,36.2,8.5,7.3,0
2023-06-17 06:00:00,Lahaul_Spiti,0.7,1.5,3.1,3.8,0.356,0.8,0.07,21.0,13.1,11.3,0
2023-06-17 12:00:00,Teesta_Basin,7.6,20.2,70.7,10.47,0.86,17.2,2.021,161.5,4.9,3.4,2
2023-06-17 18:00:00,Kedarnath_Valley,14.3,36.7,103.7,9.55,0.729,17.7,2.091,162.8,6.7,6.0,2
2023-06-18 00:00:00,Rolwaling_Valley,1.7,4.5,14.5,4.74,0.425,8.6,1.724,19.6,10.2,9.3,1
2023-06-18 06:00:00,Solukhumbu_Catchment,1.5,3.7,9.3,2.58,0.194,1.1,0.131,27.5,17.2,15.8,0
2023-06-18 12:00:00,Teesta_Basin,1.5,3.2,10.4,2.33,0.077,1.7,0.086,28.1,7.8,6.4,0
2023-06-18 18:00:00,Rolwaling_Valley,39.5,135.1,418.5,15.23,1.135,75.1,16.912,338.6,6.8,6.3,3
2023-06-19 00:00:00,Solukhumbu_Catchment,25.3,60.1,152.7,6.73,0.24,7.1,0.657,66.3,9.8,8.4,1
2023-06-19 06:00:00,Rolwaling_Valley,2.7,7.3,26.8,6.44,0.521,5.8,0.521,60.8,11.7,10.1,1
2023-06-19 12:00:00,Kedarnath_Valley,0.0,0.1,0.3,7.28,0.231,5.5,0.514,80.9,7.5,6.9,1
2023-06-19 18:00:00,Rolwaling_Valley,0.3,0.8,3.2,12.78,1.041,33.4,2.833,427.1,0.9,0.3,3
2023-06-20 00:00:00,Lahaul_Spiti,8.6,17.7,59.6,3.17,0.139,0.8,0.137,24.0,12.6,10.9,0
2023-06-20 06:00:00,Solukhumbu_Catchment,13.2,34.5,131.6,8.2,-0.009,6.6,0.913,75.5,16.7,15.2,1
2023-06-20 12:00:00,Teesta_Basin,3.8,6.9,20.0,3.6,-0.07,1.3,0.17,30.3,20.7,18.9,0
2023-06-20 18:00:00,Lahaul_Spiti,4.8,8.8,26.7,3.27,-0.053,1.0,0.071,27.0,17.3,15.3,0
2023-06-21 00:00:00,Rolwaling_Valley,0.1,0.4,1.2,11.92,0.895,12.8,2.203,207.9,5.3,4.5,2
2023-06-21 06:00:00,Rolwaling_Valley,9.2,21.7,69.4,3.82,0.07,1.9,0.304,40.0,6.6,5.4,0
2023-06-21 12:00:00,Solukhumbu_Catchment,4.0,10.3,35.6,6.04,0.51,5.6,0.992,99.1,3.8,2.8,1
2023-06-21 18:00:00,Rolwaling_Valley,18.1,46.1,150.6,8.01,0.308,8.9,1.443,61.3,16.4,15.0,1
2023-06-22 00:00:00,Kedarnath_Valley,1.7,3.9,9.7,2.49,0.04,1.2,0.204,44.2,12.8,11.8,0
2023-06-22 06:00:00,Lahaul_Spiti,6.2,13.2,32.4,5.68,0.103,0.6,0.042,37.0,2.5,1.2,0
2023-06-22 12:00:00,Rolwaling_Valley,2.2,4.6,13.1,2.73,0.018,0.8,0.107,27.0,12.2,10.6,0
2023-06-22 18:00:00,Kedarnath_Valley,5.7,15.8,61.6,5.2,0.35,12.2,3.041,47.9,8.0,6.4,1
2023-06-23 00:00:00,Rolwaling_Valley,8.7,20.5,63.8,3.6,0.114,1.3,0.14,35.3,5.3,3.7,0
2023-06-23 06:00:00,Lahaul_Spiti,2.2,4.5,14.0,3.16,0.161,1.0,0.088,42.3,14.7,13.2,0
2023-06-23 12:00:00,Lahaul_Spiti,11.7,23.0,67.0,2.88,0.047,1.8,0.339,27.7,7.9,6.7,0
2023-06-23 18:00:00,Teesta_Basin,68.9,172.5,652.2,9.44,0.909,21.1,1.629,171.4,5.1,3.9,2
2023-06-24 00:00:00,Solukhumbu_Catchment,54.8,181.1,629.9,15.74,1.253,102.2,13.336,258.2,3.9,3.6,3
2023-06-24 06:00:00,Kedarnath_Valley,101.4,293.5,1445.0,21.55,0.878,116.8,28.035,350.2,8.4,7.5,3
2023-06-24 12:00:00,Teesta_Basin,15.9,37.8,139.6,7.83,0.408,8.3,1.412,83.0,5.5,4.5,1
2023-06-24 18:00:00,Kedarnath_Valley,4.4,10.2,31.8,7.36,0.709,4.8,0.371,98.3,16.1,14.9,1
2023-06-25 00:00:00,Teesta_Basin,2.7,6.7,17.9,7.79,0.232,3.4,0.507,65.2,6.9,5.2,1
2023-06-25 06:00:00,Lahaul_Spiti,8.4,20.3,86.5,9.67,0.654,20.7,4.332,152.9,4.4,3.7,2
2023-06-25 12:00:00,Rolwaling_Valley,3.6,8.4,25.9,1.97,0.158,0.5,0.111,32.7,9.1,8.6,0
2023-06-25 18:00:00,Lahaul_Spiti,0.8,1.9,6.7,8.68,0.604,7.5,1.79,74.4,11.2,9.5,1
2023-06-26 00:00:00,Solukhumbu_Catchment,0.9,2.0,5.9,4.5,-0.182,2.1,0.441,25.9,4.4,3.1,0
2023-06-26 06:00:00,Solukhumbu_Catchment,12.1,33.8,121.9,9.41,0.7,32.2,1.734,172.1,12.1,11.2,2
2023-06-26 12:00:00,Rolwaling_Valley,0.8,1.7,3.9,3.32,0.239,0.7,0.091,20.9,12.2,11.3,0
2023-06-26 18:00:00,Kedarnath_Valley,1.3,3.3,7.9,3.6,-0.062,1.5,0.174,35.8,15.3,14.2,0
2023-06-27 00:00:00,Kedarnath_Valley,1.1,2.4,7.2,2.66,-0.089,0.7,0.077,26.4,9.0,7.9,0
2023-06-27 06:00:00,Teesta_Basin,8.6,19.8,42.2,4.49,0.156,1.1,0.241,23.8,13.9,12.5,0
2023-06-27 12:00:00,Teesta_Basin,9.9,20.0,66.3,9.46,0.278,3.8,0.239,104.0,8.1,7.5,1
2023-06-27 18:00:00,Kedarnath_Valley,3.1,7.1,25.4,5.02,0.418,5.5,0.816,89.1,12.7,11.4,1
2023-06-28 00:00:00,Kedarnath_Valley,203.7,603.5,1900.1,13.29,1.05,60.2,13.901,378.4,10.0,8.9,3
2023-06-28 06:00:00,Kedarnath_Valley,0.7,1.6,5.5,3.79,-0.236,0.8,0.128,42.0,10.4,8.9,0
2023-06-28 12:00:00,Lahaul_Spiti,3.9,9.1,28.3,4.82,0.495,4.7,0.511,89.1,10.8,9.5,1
2023-06-28 18:00:00,Solukhumbu_Catchment,48.2,132.4,487.9,9.93,0.931,22.5,2.404,191.0,6.1,5.4,2
2023-06-29 00:00:00,Solukhumbu_Catchment,25.0,72.4,212.5,9.8,1.177,30.8,5.571,143.9,13.3,12.0,2
2023-06-29 06:00:00,Lahaul_Spiti,11.8,31.0,132.9,10.38,0.81,30.4,4.855,120.0,6.3,5.4,2
2023-06-29 12:00:00,Kedarnath_Valley,14.4,35.1,94.6,5.9,0.22,6.5,1.428,54.0,12.6,11.5,1
2023-06-29 18:00:00,Lahaul_Spiti,2.7,5.1,15.5,3.19,0.003,1.1,0.218,29.0,14.5,13.1,0
2023-06-30 00:00:00,Rolwaling_Valley,0.2,0.4,1.2,3.92,0.127,0.6,0.106,37.8,20.2,19.2,0
2023-06-30 06:00:00,Lahaul_Spiti,0.3,0.7,1.7,2.23,0.045,0.8,0.153,34.3,9.6,7.6,0
2023-06-30 12:00:00,Rolwaling_Valley,1.3,2.4,7.3,3.72,0.083,1.3,0.182,26.1,5.1,3.4,0
2023-06-30 18:00:00,Rolwaling_Valley,6.3,16.0,61.1,5.8,0.493,1.5,0.109,77.9,8.9,8.3,1
2023-07-01 00:00:00,Lahaul_Spiti,2.0,5.0,15.9,6.53,0.484,1.4,0.134,73.1,8.9,7.7,1
2023-07-01 06:00:00,Teesta_Basin,0.6,1.1,2.2,3.43,0.07,1.5,0.119,30.5,9.4,7.4,0
2023-07-01 12:00:00,Rolwaling_Valley,7.5,17.5,52.1,5.09,0.426,6.9,0.451,101.7,9.3,8.0,1
2023-07-01 18:00:00,Lahaul_Spiti,33.2,70.6,200.6,7.04,0.55,8.7,0.557,62.6,14.9,13.6,1
2023-07-02 00:00:00,Teesta_Basin,0.3,0.6,1.3,2.47,0.259,0.5,0.118,13.6,10.5,9.3,0
2023-07-02 06:00:00,Teesta_Basin,6.4,15.3,43.9,4.55,-0.131,1.9,0.101,30.3,15.1,13.5,0
2023-07-02 12:00:00,Teesta_Basin,1.6,3.6,12.3,13.63,0.896,24.9,1.497,149.6,6.4,5.5,2
2023-07-02 18:00:00,Lahaul_Spiti,0.6,1.7,6.6,18.68,0.985,40.8,8.304,310.5,4.0,3.4,3
2023-07-03 00:00:00,Lahaul_Spiti,4.7,11.3,34.0,6.95,0.361,4.8,0.986,52.7,8.1,7.2,1
2023-07-03 06:00:00,Solukhumbu_Catchment,5.3,9.6,22.7,3.46,0.045,0.1,0.011,28.8,12.1,10.9,0
2023-07-03 12:00:00,Solukhumbu_Catchment,114.5,334.6,1190.4,17.65,1.07,90.7,14.738,322.4,2.7,2.0,3
2023-07-03 18:00:00,Solukhumbu_Catchment,11.9,24.8,86.7,7.38,0.304,3.8,0.206,69.5,7.3,5.6,1
2023-07-04 00:00:00,Teesta_Basin,17.7,41.3,144.9,9.82,0.914,29.5,7.105,156.8,7.8,6.5,2
2023-07-04 06:00:00,Kedarnath_Valley,23.2,63.5,247.5,10.21,0.171,5.6,0.681,85.2,8.0,6.4,1
2023-07-04 12:00:00,Kedarnath_Valley,4.9,10.4,32.4,7.66,0.09,7.4,1.124,102.8,8.7,7.5,1
2023-07-04 18:00:00,Lahaul_Spiti,1.6,3.2,6.4,3.57,0.002,1.2,0.134,34.4,9.8,8.3,0
2023-07-05 00:00:00,Rolwaling_Valley,0.7,1.3,3.7,3.54,0.051,1.7,0.406,28.1,8.3,6.8,0
2023-07-05 06:00:00,Rolwaling_Valley,2.1,5.6,16.2,7.56,0.168,7.5,0.698,44.8,9.7,8.5,1
2023-07-05 12:00:00,Rolwaling_Valley,4.5,9.0,20.2,4.48,0.365,1.5,0.112,30.4,7.6,6.6,0
2023-07-05 18:00:00,Rolwaling_Valley,4.6,10.6,30.9,4.72,-0.161,1.1,0.062,43.2,16.1,15.6,0
2023-07-06 00:00:00,Rolwaling_Valley,10.3,28.2,106.2,7.08,0.574,8.0,1.32,94.9,6.5,5.1,1
2023-07-06 06:00:00,Lahaul_Spiti,0.0,0.0,0.0,2.98,0.248,1.5,0.087,31.4,8.7,7.0,0
2023-07-06 12:00:00,Teesta_Basin,24.6,81.1,318.7,17.87,0.868,61.8,7.945,308.8,2.7,2.0,3
2023-07-06 18:00:00,Rolwaling_Valley,0.1,0.2,0.4,4.56,0.27,1.8,0.269,40.7,13.9,13.3,0
2023-07-07 00:00:00,Teesta_Basin,15.4,33.2,89.5,6.75,0.613,7.2,1.43,85.6,9.6,8.2,1
2023-07-07 06:00:00,Lahaul_Spiti,0.9,1.9,7.4,6.85,0.402,5.6,1.092,76.0,4.6,3.3,1
2023-07-07 12:00:00,Solukhumbu_Catchment,7.7,20.1,70.3,6.47,0.523,3.2,0.67,73.2,14.4,13.3,1
2023-07-07 18:00:00,Kedarnath_Valley,28.5,80.8,338.2,9.18,0.641,34.7,2.037,168.0,7.6,7.1,2
2023-07-08 00:00:00,Rolwaling_Valley,3.7,11.3,41.3,16.77,1.111,62.2,14.73,376.0,6.8,6.5,3
2023-07-08 06:00:00,Teesta_Basin,18.4,46.5,166.5,19.48,1.196,91.7,15.224,473.0,2.2,1.3,3
2023-07-08 12:00:00,Rolwaling_Valley,2.6,6.1,17.3,1.35,0.156,1.1,0.141,35.8,15.4,13.5,0
2023-07-08 18:00:00,Teesta_Basin,0.7,1.7,5.4,2.75,0.149,0.5,0.078,32.1,15.1,13.2,0
2023-07-09 00:00:00,Rolwaling_Valley,12.4,35.7,100.0,8.97,0.6,22.1,5.244,208.7,7.3,6.7,2
2023-07-09 06:00:00,Kedarnath_Valley,1.0,2.4,6.8,5.25,0.397,1.2,0.162,26.4,14.6,13.9,0
2023-07-09 12:00:00,Lahaul_Spiti,28.3,81.9,333.8,10.56,0.56,22.4,2.26,177.6,4.1,2.6,2
2023-07-09 18:00:00,Teesta_Basin,2.5,6.2,17.3,4.27,-0.035,1.2,0.133,36.9,16.6,15.4,0
2023-07-10 00:00:00,Lahaul_Spiti,16.6,43.7,158.9,8.69,0.661,30.8,6.158,233.4,12.7,11.6,2
2023-07-10 06:00:00,Solukhumbu_Catchment,8.1,18.8,61.4,3.76,-0.045,1.8,0.314,32.0,2.6,1.5,0
2023-07-10 12:00:00,Rolwaling_Valley,1.0,1.9,6.1,2.21,0.0,1.6,0.351,14.8,14.5,13.3,0
2023-07-10 18:00:00,Solukhumbu_Catchment,14.3,34.3,136.1,6.98,0.835,28.6,5.734,153.1,4.8,3.3,2
2023-07-11 00:00:00,Lahaul_Spiti,54.3,151.1,661.6,11.17,0.699,22.8,1.17,207.0,9.3,8.5,2
2023-07-11 06:00:00,Solukhumbu_Catchment,0.1,0.2,0.4,3.5,0.12,0.8,0.189,25.6,9.2,7.4,0
2023-07-11 12:00:00,Kedarnath_Valley,8.3,20.4,47.2,3.53,0.124,0.3,0.049,30.6,13.1,12.2,0
2023-07-11 18:00:00,Teesta_Basin,4.3,9.7,22.7,3.79,0.037,1.4,0.21,18.1,15.6,14.5,0
2023-07-12 00:00:00,Rolwaling_Valley,3.9,7.4,21.4,3.88,-0.188,1.0,0.218,30.6,15.4,13.9,0
2023-07-12 06:00:00,Teesta_Basin,3.6,10.1,29.4,6.15,0.192,7.0,1.724,92.3,9.2,8.6,1
2023-07-12 12:00:00,Rolwaling_Valley,0.1,0.1,0.2,4.54,-0.15,0.7,0.089,26.3,17.8,17.2,0
2023-07-12 18:00:00,Rolwaling_Valley,22.2,61.7,198.2,13.14,0.757,21.8,4.148,219.6,7.6,6.7,2
2023-07-13 00:00:00,Lahaul_Spiti,3.4,6.8,23.3,7.82,0.577,8.9,2.071,110.3,5.3,4.4,1
2023-07-13 06:00:00,Kedarnath_Valley,1.9,5.4,19.7,12.62,0.914,27.6,6.864,200.3,8.0,6.8,2
2023-07-13 12:00:00,Teesta_Basin,3.4,6.3,15.5,3.47,-0.045,0.7,0.153,38.9,13.7,12.8,0
2023-07-13 18:00:00,Kedarnath_Valley,22.0,48.1,140.6,6.27,0.334,5.4,1.238,90.5,5.7,4.9,1
2023-07-14 00:00:00,Kedarnath_Valley,0.3,0.9,2.7,7.06,0.384,6.9,0.373,83.2,2.3,1.2,1
2023-07-14 06:00:00,Rolwaling_Valley,0.7,1.7,5.5,7.78,0.518,4.6,0.663,66.4,14.2,12.9,1
2023-07-14 12:00:00,Lahaul_Spiti,0.6,1.1,3.1,3.25,0.038,1.6,0.312,29.7,11.0,9.5,0
2023-07-14 18:00:00,Lahaul_Spiti,18.4,43.0,142.9,9.29,0.679,20.0,4.147,155.3,4.3,3.6,2
2023-07-15 00:00:00,Lahaul_Spiti,9.7,21.9,72.7,6.72,0.575,4.0,0.976,76.6,10.5,9.8,1
2023-07-15 06:00:00,Solukhumbu_Catchment,27.9,74.9,262.6,12.85,0.526,21.3,3.822,258.7,2.6,1.5,2
2023-07-15 12:00:00,Rolwaling_Valley,8.0,21.2,66.9,13.88,0.579,28.4,6.912,214.1,5.5,4.5,2
2023-07-15 18:00:00,Solukhumbu_Catchment,65.1,184.6,806.5,9.22,0.86,23.4,2.032,197.0,3.5,2.1,2
2023-07-16 00:00:00,Solukhumbu_Catchment,0.3,0.7,2.3,3.61,0.218,0.2,0.041,33.1,12.8,12.2,0
2023-07-16 06:00:00,Lahaul_Spiti,79.8,228.2,881.1,15.25,0.91,121.5,26.211,354.0,-0.4,-1.5,3
2023-07-16 12:00:00,Kedarnath_Valley,2.8,8.7,41.4,14.48,1.261,85.2,17.603,388.3,4.8,4.0,3
2023-07-16 18:00:00,Rolwaling_Valley,7.2,14.1,47.3,3.11,0.018,1.6,0.239,22.4,12.4,11.1,0
2023-07-17 00:00:00,Teesta_Basin,1.6,3.9,13.4,3.21,-0.038,1.9,0.303,24.9,15.1,14.5,0
2023-07-17 06:00:00,Teesta_Basin,11.8,25.3,92.9,7.61,0.172,4.3,0.964,77.4,8.5,7.5,1
2023-07-17 12:00:00,Kedarnath_Valley,6.7,18.4,60.2,7.02,0.662,4.5,0.319,72.9,12.6,11.5,1
2023-07-17 18:00:00,Rolwaling_Valley,3.0,7.3,24.3,4.08,0.218,0.8,0.136,28.0,10.1,8.7,0
2023-07-18 00:00:00,Solukhumbu_Catchment,45.1,115.2,401.5,13.23,0.981,79.5,9.487,397.7,1.5,0.5,3
2023-07-18 06:00:00,Solukhumbu_Catchment,21.0,50.4,183.9,14.83,0.956,21.5,4.729,151.6,6.6,5.2,2
2023-07-18 12:00:00,Teesta_Basin,3.3,6.9,19.4,6.55,0.329,10.4,1.751,55.5,9.9,8.1,1
2023-07-18 18:00:00,Rolwaling_Valley,9.0,16.7,40.7,2.93,-0.153,1.3,0.105,38.6,13.0,11.9,0
2023-07-19 00:00:00,Solukhumbu_Catchment,15.2,40.6,121.1,6.24,0.335,3.3,0.772,50.2,12.9,11.3,1
2023-07-19 06:00:00,Kedarnath_Valley,11.8,30.9,116.6,9.12,0.63,1.9,0.277,66.3,7.7,6.4,1
2023-07-19 12:00:00,Lahaul_Spiti,1.0,2.0,4.5,2.25,0.009,1.6,0.222,27.2,15.1,13.7,0
2023-07-19 18:00:00,Solukhumbu_Catchment,20.1,66.4,268.7,13.47,1.134,53.1,4.057,247.7,6.8,5.8,3
2023-07-20 00:00:00,Teesta_Basin,13.3,34.5,99.2,6.18,0.429,7.3,0.513,83.8,10.0,9.0,1
2023-07-20 06:00:00,Solukhumbu_Catchment,0.6,1.8,7.0,9.51,0.913,15.9,3.168,183.7,4.0,3.0,2
2023-07-20 12:00:00,Kedarnath_Valley,53.4,144.7,421.7,9.56,0.681,25.4,4.822,207.1,9.8,9.1,2
2023-07-20 18:00:00,Teesta_Basin,13.5,34.5,114.0,7.01,0.456,7.6,1.009,107.9,12.3,11.3,1
2023-07-21 00:00:00,Rolwaling_Valley,12.7,31.0,128.7,14.5,0.934,21.4,4.609,219.1,7.7,6.9,2
2023-07-21 06:00:00,Solukhumbu_Catchment,3.2,7.2,19.8,3.78,-0.141,0.6,0.092,20.6,9.9,8.6,0
2023-07-21 12:00:00,Lahaul_Spiti,0.1,0.2,0.7,6.27,0.401,4.7,0.742,47.0,12.4,11.2,1
2023-07-21 18:00:00,Kedarnath_Valley,46.7,113.8,387.1,11.26,0.724,39.1,9.701,222.8,7.4,6.5,2
2023-07-22 00:00:00,Lahaul_Spiti,0.8,1.8,5.0,3.29,0.31,2.2,0.329,26.1,8.4,7.0,0
2023-07-22 06:00:00,Teesta_Basin,1.0,2.3,6.3,7.9,0.233,10.4,1.358,89.3,11.8,10.2,1
2023-07-22 12:00:00,Teesta_Basin,8.0,17.7,56.7,4.35,0.049,0.6,0.03,27.6,13.9,12.9,0
2023-07-22 18:00:00,Rolwaling_Valley,7.4,16.1,53.0,7.41,0.456,8.0,0.988,81.8,14.9,14.1,1
2023-07-23 00:00:00,Rolwaling_Valley,38.2,129.6,511.9,20.44,1.135,68.1,8.611,321.4,6.2,5.1,3
2023-07-23 06:00:00,Teesta_Basin,3.9,9.4,28.8,4.43,0.314,0.3,0.044,32.5,12.4,10.8,0
2023-07-23 12:00:00,Kedarnath_Valley,0.7,1.3,2.7,3.04,0.093,1.3,0.118,29.5,12.4,10.7,0
2023-07-23 18:00:00,Rolwaling_Valley,7.8,14.5,37.5,4.25,-0.015,0.7,0.181,26.9,14.2,13.2,0
2023-07-24 00:00:00,Teesta_Basin,3.9,8.0,18.3,3.63,0.078,1.3,0.227,29.8,14.0,12.9,0
2023-07-24 06:00:00,Rolwaling_Valley,3.8,9.9,26.8,5.48,0.458,6.5,1.57,64.7,9.2,8.3,1
2023-07-24 12:00:00,Kedarnath_Valley,6.6,15.0,38.9,4.12,-0.144,0.6,0.113,30.4,5.7,4.6,0
2023-07-24 18:00:00,Solukhumbu_Catchment,4.8,11.5,31.4,3.36,0.108,0.7,0.087,32.5,10.1,8.8,0
2023-07-25 00:00:00,Lahaul_Spiti,52.4,151.7,541.1,11.31,1.037,12.6,2.034,257.5,3.0,2.4,2
2023-07-25 06:00:00,Teesta_Basin,0.1,0.3,0.9,2.44,-0.082,1.2,0.088,15.4,8.6,7.1,0
2023-07-25 12:00:00,Kedarnath_Valley,3.3,7.8,17.6,3.5,-0.247,1.2,0.179,27.4,14.2,13.0,0
2023-07-25 18:00:00,Solukhumbu_Catchment,2.5,5.0,17.8,6.42,0.306,5.1,1.098,78.5,13.4,12.5,1
2023-07-26 00:00:00,Solukhumbu_Catchment,5.3,12.8,50.2,7.21,0.323,3.9,0.325,89.8,14.1,12.8,1
2023-07-26 06:00:00,Rolwaling_Valley,1.3,3.3,11.9,6.72,0.428,8.5,0.771,85.6,12.8,11.4,1
2023-07-26 12:00:00,Kedarnath_Valley,4.2,9.0,24.0,6.19,0.409,3.9,0.824,76.5,16.5,14.7,1
2023-07-26 18:00:00,Teesta_Basin,6.4,17.3,55.5,7.15,0.506,6.6,1.461,86.8,8.8,8.1,1
2023-07-27 00:00:00,Rolwaling_Valley,3.4,7.1,25.7,7.89,0.085,6.0,0.846,73.2,7.2,6.0,1
2023-07-27 06:00:00,Kedarnath_Valley,10.5,19.1,59.9,4.58,0.115,0.8,0.134,30.1,3.0,2.4,0
2023-07-27 12:00:00,Solukhumbu_Catchment,23.4,80.9,255.9,18.66,0.782,92.6,8.529,427.2,2.7,2.1,3
2023-07-27 18:00:00,Teesta_Basin,17.1,35.3,133.6,8.0,0.163,5.8,0.367,72.0,13.8,13.1,1
2023-07-28 00:00:00,Solukhumbu_Catchment,3.2,7.1,18.7,3.62,0.222,0.2,0.021,40.8,13.7,12.4,0
2023-07-28 06:00:00,Rolwaling_Valley,0.9,2.0,5.5,3.27,0.372,0.9,0.166,37.3,9.9,7.9,0
2023-07-28 12:00:00,Lahaul_Spiti,0.3,0.7,2.5,5.41,0.56,5.6,0.819,63.7,7.5,6.4,1
2023-07-28 18:00:00,Solukhumbu_Catchment,3.9,8.8,30.8,6.83,0.308,3.5,0.229,91.3,11.5,10.7,1
2023-07-29 00:00:00,Kedarnath_Valley,61.3,208.4,1011.2,19.45,1.139,68.4,5.344,305.1,8.1,7.5,3
2023-07-29 06:00:00,Kedarnath_Valley,60.6,178.8,871.6,15.3,1.353,90.6,17.081,297.8,3.3,2.5,3
2023-07-29 12:00:00,Kedarnath_Valley,1.4,3.4,9.9,5.54,0.43,2.8,0.237,84.0,10.8,9.3,1
2023-07-29 18:00:00,Solukhumbu_Catchment,30.0,72.1,271.2,10.08,0.765,30.0,3.385,172.8,3.6,2.5,2
2023-07-30 00:00:00,Teesta_Basin,32.3,102.7,505.5,18.68,1.177,81.5,10.566,301.5,7.5,7.0,3
2023-07-30 06:00:00,Kedarnath_Valley,3.7,6.7,21.9,3.66,0.039,0.9,0.137,31.7,8.4,6.8,0
2023-07-30 12:00:00,Kedarnath_Valley,7.7,18.1,51.9,4.77,0.081,0.9,0.112,18.5,14.6,13.0,0
2023-07-30 18:00:00,Rolwaling_Valley,0.6,1.3,4.0,3.83,0.068,2.0,0.334,29.6,16.4,15.7,0
2023-07-31 00:00:00,Lahaul_Spiti,1.0,2.2,4.5,2.94,-0.101,0.5,0.083,27.7,10.2,8.7,0
2023-07-31 06:00:00,Lahaul_Spiti,8.9,23.4,81.9,9.54,0.69,21.4,5.331,175.4,5.1,3.7,2
2023-07-31 12:00:00,Solukhumbu_Catchment,4.4,8.2,26.0,1.59,0.181,1.3,0.182,19.9,1.8,0.3,0
2023-07-31 18:00:00,Solukhumbu_Catchment,0.1,0.2,0.9,7.58,0.388,6.2,0.818,82.8,10.7,9.8,1
2023-08-01 00:00:00,Lahaul_Spiti,0.3,0.7,2.4,7.67,0.408,3.4,0.684,57.2,11.7,10.1,1
2023-08-01 06:00:00,Kedarnath_Valley,3.1,5.7,19.0,4.12,0.251,1.1,0.173,33.5,17.4,15.6,0
2023-08-01 12:00:00,Kedarnath_Valley,4.4,10.8,46.9,9.03,0.695,15.5,1.85,203.0,12.6,11.4,2
2023-08-01 18:00:00,Rolwaling_Valley,1.6,3.8,9.5,5.12,0.228,0.4,0.046,40.6,17.0,16.1,0
2023-08-02 00:00:00,Teesta_Basin,0.2,0.5,1.2,1.74,-0.044,1.2,0.193,18.5,13.7,12.2,0
2023-08-02 06:00:00,Teesta_Basin,10.3,20.8,74.6,5.16,0.529,6.6,0.451,76.0,15.3,13.5,1
2023-08-02 12:00:00,Rolwaling_Valley,2.9,5.5,13.2,4.49,0.029,2.0,0.479,26.8,10.1,8.3,0
2023-08-02 18:00:00,Rolwaling_Valley,44.2,88.7,280.0,4.04,0.348,7.1,1.774,85.2,8.4,6.7,1
2023-08-03 00:00:00,Rolwaling_Valley,5.7,14.3,45.1,6.09,0.377,6.2,1.267,67.5,12.0,10.9,1
2023-08-03 06:00:00,Solukhumbu_Catchment,8.6,17.1,45.4,2.97,0.241,2.1,0.361,24.8,13.9,13.2,0
2023-08-03 12:00:00,Lahaul_Spiti,0.1,0.1,0.4,1.84,-0.121,0.1,0.014,45.8,14.0,13.0,0
2023-08-03 18:00:00,Solukhumbu_Catchment,2.4,5.6,18.6,4.06,0.151,1.7,0.093,26.9,10.8,8.9,0
2023-08-04 00:00:00,Rolwaling_Valley,14.4,40.1,173.3,9.1,0.647,17.5,1.187,210.8,2.4,1.2,2
2023-08-04 06:00:00,Teesta_Basin,5.7,11.7,33.4,5.95,0.278,7.1,1.256,69.2,11.3,9.7,1
2023-08-04 12:00:00,Kedarnath_Valley,7.1,15.0,35.1,3.09,-0.077,1.3,0.274,19.3,14.2,12.4,0
2023-08-04 18:00:00,Lahaul_Spiti,0.1,0.3,0.8,2.64,-0.107,0.8,0.196,27.4,8.1,6.1,0
2023-08-05 00:00:00,Kedarnath_Valley,27.3,62.9,244.5,9.21,0.888,33.4,2.658,197.6,9.2,7.9,2
2023-08-05 06:00:00,Rolwaling_Valley,20.9,51.1,158.6,13.81,0.908,19.0,1.595,198.0,6.2,5.3,2
2023-08-05 12:00:00,Solukhumbu_Catchment,22.7,63.1,196.5,8.95,1.006,24.9,1.337,221.5,6.4,4.9,2
2023-08-05 18:00:00,Kedarnath_Valley,36.7,93.2,381.2,8.87,0.65,29.3,3.92,232.3,3.0,1.8,2
2023-08-06 00:00:00,Teesta_Basin,1.8,4.2,11.2,4.09,0.0,0.9,0.177,36.5,11.5,10.6,0
2023-08-06 06:00:00,Rolwaling_Valley,1.1,2.5,6.6,2.43,0.191,0.8,0.106,40.4,5.8,3.8,0
2023-08-06 12:00:00,Kedarnath_Valley,10.6,22.2,72.1,2.77,0.107,1.7,0.245,38.0,11.5,10.9,0
2023-08-06 18:00:00,Teesta_Basin,5.4,11.1,29.4,7.73,0.29,4.1,0.514,71.2,4.9,3.2,1
2023-08-07 00:00:00,Rolwaling_Valley,3.6,6.6,19.1,4.21,-0.104,0.8,0.113,27.1,5.5,4.1,0
2023-08-07 06:00:00,Solukhumbu_Catchment,17.0,40.9,132.8,8.25,0.545,5.9,0.563,80.9,7.9,6.7,1
2023-08-07 12:00:00,Rolwaling_Valley,5.0,13.3,38.6,8.65,0.004,6.9,1.247,97.4,8.6,7.7,1
2023-08-07 18:00:00,Lahaul_Spiti,0.5,1.0,2.5,4.18,-0.061,2.5,0.46,20.0,5.9,4.0,0
2023-08-08 00:00:00,Solukhumbu_Catchment,9.4,24.3,72.2,7.05,0.16,5.3,0.851,61.6,11.7,10.1,1
2023-08-08 06:00:00,Solukhumbu_Catchment,2.9,7.1,27.7,8.29,0.567,6.7,1.396,85.9,12.8,11.1,1
2023-08-08 12:00:00,Kedarnath_Valley,73.2,164.4,629.0,5.72,0.483,6.1,1.339,52.2,8.0,6.6,1
2023-08-08 18:00:00,Lahaul_Spiti,0.0,0.1,0.3,4.06,0.344,10.8,2.268,75.8,6.5,5.5,1
2023-08-09 00:00:00,Rolwaling_Valley,14.1,29.5,110.8,7.03,0.359,7.7,1.69,76.8,7.8,6.6,1
2023-08-09 06:00:00,Lahaul_Spiti,4.1,9.8,25.9,5.34,0.283,9.3,1.603,79.7,9.8,8.9,1
2023-08-09 12:00:00,Lahaul_Spiti,75.3,239.3,1008.3,18.01,1.137,76.3,5.68,420.0,2.0,1.2,3
2023-08-09 18:00:00,Teesta_Basin,1.7,4.0,9.6,3.72,0.023,1.5,0.299,27.0,12.0,11.3,0
2023-08-10 00:00:00,Lahaul_Spiti,6.8,16.4,41.7,5.51,0.411,8.8,0.867,48.6,12.0,11.0,1
2023-08-10 06:00:00,Lahaul_Spiti,57.5,142.0,468.6,14.42,0.801,22.6,1.719,249.8,7.8,6.8,2
2023-08-10 12:00:00,Solukhumbu_Catchment,0.5,1.0,2.6,3.12,-0.06,1.8,0.439,25.2,16.7,14.8,0
2023-08-10 18:00:00,Teesta_Basin,1.5,3.5,8.5,2.98,0.247,1.1,0.156,33.6,13.8,12.5,0
2023-08-11 00:00:00,Solukhumbu_Catchment,3.9,8.9,30.4,5.37,0.027,2.4,0.589,84.3,11.0,9.7,1
2023-08-11 06:00:00,Lahaul_Spiti,18.7,51.2,168.4,10.08,0.541,24.5,5.875,170.4,5.0,4.0,2
2023-08-11 12:00:00,Solukhumbu_Catchment,164.5,444.7,1846.4,12.07,0.895,26.0,5.64,207.0,5.7,4.4,2
2023-08-11 18:00:00,Rolwaling_Valley,0.6,1.1,3.1,1.99,0.017,0.5,0.042,15.7,9.3,7.5,0
2023-08-12 00:00:00,Lahaul_Spiti,1.8,4.1,9.3,3.36,0.041,1.3,0.311,27.0,12.9,12.0,0
2023-08-12 06:00:00,Teesta_Basin,1.3,2.4,7.2,3.44,-0.201,0.7,0.052,29.9,17.3,15.5,0
2023-08-12 12:00:00,Lahaul_Spiti,0.9,1.8,3.8,3.15,0.465,0.5,0.089,31.8,10.1,8.3,0
2023-08-12 18:00:00,Teesta_Basin,0.3,0.8,1.7,3.3,-0.239,0.9,0.176,33.0,11.0,9.8,0
2023-08-13 00:00:00,Kedarnath_Valley,129.8,289.5,890.3,14.09,0.981,23.1,3.849,121.4,9.4,8.0,2
2023-08-13 06:00:00,Solukhumbu_Catchment,24.0,57.9,205.0,5.99,0.255,6.9,0.935,80.9,10.5,9.7,1
2023-08-13 12:00:00,Kedarnath_Valley,2.4,5.7,17.1,3.27,0.309,1.0,0.193,24.1,10.5,9.5,0
2023-08-13 18:00:00,Kedarnath_Valley,3.2,6.3,16.7,3.9,0.187,1.7,0.278,37.1,13.8,12.2,0
2023-08-14 00:00:00,Teesta_Basin,4.9,12.1,41.7,10.74,0.683,12.7,1.247,170.0,4.0,2.5,2
2023-08-14 06:00:00,Teesta_Basin,2.5,4.7,12.5,3.18,0.076,1.8,0.378,24.6,15.3,14.5,0
2023-08-14 12:00:00,Lahaul_Spiti,1.9,4.6,15.1,3.9,0.1,1.0,0.225,34.7,9.5,7.9,0
2023-08-14 18:00:00,Lahaul_Spiti,6.5,14.8,51.5,4.23,0.195,1.2,0.131,28.7,9.7,7.8,0
2023-08-15 00:00:00,Lahaul_Spiti,39.3,110.2,479.3,8.99,0.691,26.3,1.746,104.4,8.4,7.9,2
2023-08-15 06:00:00,Teesta_Basin,9.8,26.1,101.7,6.87,0.6,2.7,0.596,60.0,9.0,7.7,1
2023-08-15 12:00:00,Rolwaling_Valley,9.2,20.9,66.1,6.49,0.303,5.6,0.794,105.1,7.6,7.0,1
2023-08-15 18:00:00,Lahaul_Spiti,1.7,5.0,19.8,12.47,0.646,19.2,3.958,192.8,12.1,10.8,2
2023-08-16 00:00:00,Lahaul_Spiti,2.9,5.4,11.8,4.37,-0.181,1.1,0.211,34.8,13.4,12.8,0
2023-08-16 06:00:00,Teesta_Basin,0.8,1.9,5.3,3.82,-0.014,1.2,0.158,26.8,7.2,5.5,0
2023-08-16 12:00:00,Rolwaling_Valley,8.0,20.5,81.9,7.17,0.416,5.2,1.124,56.6,7.3,6.7,1
2023-08-16 18:00:00,Rolwaling_Valley,1.3,2.5,5.5,3.3,-0.107,1.3,0.277,25.9,13.0,11.2,0
2023-08-17 00:00:00,Lahaul_Spiti,9.7,24.3,93.6,10.46,0.726,21.5,5.009,167.1,7.7,7.0,2
2023-08-17 06:00:00,Rolwaling_Valley,2.7,7.2,25.2,13.23,0.739,17.6,2.329,195.2,8.4,7.2,2
2023-08-17 12:00:00,Teesta_Basin,47.8,123.3,429.7,15.55,1.217,89.8,12.191,367.9,5.0,4.1,3
2023-08-17 18:00:00,Lahaul_Spiti,26.3,69.8,198.0,6.56,0.488,5.4,0.556,78.4,8.9,8.1,1
2023-08-18 00:00:00,Kedarnath_Valley,11.0,23.1,48.4,3.37,-0.201,0.9,0.095,38.8,13.0,11.3,0
2023-08-18 06:00:00,Lahaul_Spiti,6.3,13.7,32.3,5.17,0.223,1.3,0.233,42.7,12.8,11.9,0
2023-08-18 12:00:00,Rolwaling_Valley,10.2,24.8,95.3,8.27,0.018,7.4,0.97,69.4,9.2,7.8,1
2023-08-18 18:00:00,Kedarnath_Valley,4.7,10.4,30.9,3.71,0.159,1.5,0.368,30.7,11.5,10.5,0
2023-08-19 00:00:00,Kedarnath_Valley,113.9,367.3,1588.1,16.16,1.082,60.9,10.183,369.5,-0.1,-0.7,3
2023-08-19 06:00:00,Teesta_Basin,2.5,5.6,15.8,3.54,-0.073,1.6,0.359,18.5,8.3,7.6,0
2023-08-19 12:00:00,Teesta_Basin,0.7,1.7,5.9,8.41,0.866,15.0,2.063,150.9,6.0,4.8,2
2023-08-19 18:00:00,Solukhumbu_Catchment,0.9,2.2,7.7,3.13,-0.071,1.4,0.283,25.4,11.8,10.1,0
2023-08-20 00:00:00,Kedarnath_Valley,18.2,43.4,164.4,12.78,0.841,20.6,3.632,164.4,4.2,3.1,2
2023-08-20 06:00:00,Kedarnath_Valley,2.8,5.3,17.2,3.02,0.066,1.8,0.154,24.3,13.9,12.4,0
2023-08-20 12:00:00,Teesta_Basin,25.7,52.9,195.8,7.37,0.434,7.7,1.591,64.4,15.3,14.5,1
2023-08-20 18:00:00,Kedarnath_Valley,2.8,7.5,25.6,4.07,0.338,7.2,0.467,73.1,4.9,4.2,1
2023-08-21 00:00:00,Lahaul_Spiti,1.1,2.5,9.5,6.31,0.291,6.1,1.181,69.7,17.4,16.2,1
2023-08-21 06:00:00,Solukhumbu_Catchment,34.9,83.8,231.6,6.32,0.539,7.6,1.327,74.4,12.2,11.4,1
2023-08-21 12:00:00,Rolwaling_Valley,4.8,13.6,43.0,14.34,1.09,115.8,23.966,520.3,3.8,3.5,3
2023-08-21 18:00:00,Lahaul_Spiti,2.9,7.1,15.4,2.37,-0.171,0.3,0.071,33.0,11.4,9.5,0
2023-08-22 00:00:00,Rolwaling_Valley,4.5,10.6,29.7,3.37,-0.199,1.1,0.177,30.2,12.3,10.6,0
2023-08-22 06:00:00,Kedarnath_Valley,25.8,83.7,325.9,18.64,1.274,48.8,4.072,427.3,5.5,4.7,3
2023-08-22 12:00:00,Teesta_Basin,41.4,131.3,496.1,13.99,0.85,99.4,20.178,481.8,2.4,1.7,3
2023-08-22 18:00:00,Solukhumbu_Catchment,54.7,138.1,533.2,9.68,0.791,15.9,3.019,126.5,6.4,4.9,2
2023-08-23 00:00:00,Lahaul_Spiti,4.2,10.6,40.8,6.22,0.488,4.4,0.372,76.9,11.8,11.0,1
2023-08-23 06:00:00,Teesta_Basin,5.8,12.0,32.4,3.51,0.031,1.3,0.292,30.8,11.9,10.7,0
2023-08-23 12:00:00,Teesta_Basin,0.4,0.9,2.0,2.44,0.032,1.4,0.099,35.1,14.6,13.2,0
2023-08-23 18:00:00,Kedarnath_Valley,9.8,24.2,94.9,11.7,0.728,28.4,5.908,147.4,11.1,10.4,2
2023-08-24 00:00:00,Rolwaling_Valley,1.5,3.2,10.2,3.71,-0.002,0.4,0.045,30.0,14.5,13.2,0
2023-08-24 06:00:00,Teesta_Basin,5.3,10.9,26.4,4.64,-0.146,0.7,0.154,32.7,5.4,4.5,0
2023-08-24 12:00:00,Rolwaling_Valley,2.6,5.5,15.1,3.68,0.148,2.1,0.296,27.6,14.5,13.4,0
2023-08-24 18:00:00,Teesta_Basin,1.3,3.3,8.9,5.6,0.13,7.1,0.361,75.7,13.9,12.4,1
2023-08-25 00:00:00,Rolwaling_Valley,2.1,4.5,15.2,9.12,0.152,7.0,0.905,80.8,4.4,3.0,1
2023-08-25 06:00:00,Lahaul_Spiti,1.4,3.4,9.0,3.88,-0.127,1.9,0.414,33.0,11.5,10.0,0
2023-08-25 12:00:00,Lahaul_Spiti,0.7,1.5,3.8,7.88,0.193,6.1,1.503,58.7,11.6,10.7,1
2023-08-25 18:00:00,Teesta_Basin,6.6,15.2,42.6,8.07,0.75,31.0,3.467,187.3,7.3,6.1,2
2023-08-26 00:00:00,Teesta_Basin,11.1,25.2,101.7,15.98,0.834,15.5,3.205,190.1,11.2,9.9,2
2023-08-26 06:00:00,Kedarnath_Valley,2.8,6.4,19.3,4.43,-0.133,1.3,0.153,21.2,8.0,6.5,0
2023-08-26 12:00:00,Lahaul_Spiti,1.5,2.6,7.1,3.44,0.09,0.9,0.187,26.2,17.1,16.5,0
2023-08-26 18:00:00,Rolwaling_Valley,10.2,23.6,69.1,16.57,0.787,20.4,4.321,200.7,11.7,10.3,2
2023-08-27 00:00:00,Rolwaling_Valley,13.7,26.1,72.5,2.54,-0.127,1.9,0.482,26.8,15.3,13.6,0
2023-08-27 06:00:00,Lahaul_Spiti,56.6,137.0,596.6,6.01,0.638,21.3,5.129,107.5,3.6,2.8,2
2023-08-27 12:00:00,Teesta_Basin,3.8,7.6,16.2,2.82,0.144,1.0,0.091,44.5,15.6,15.0,0
2023-08-27 18:00:00,Teesta_Basin,3.1,7.4,20.3,3.42,-0.057,2.0,0.346,37.6,10.4,8.9,0
2023-08-28 00:00:00,Kedarnath_Valley,2.9,7.3,28.0,7.53,0.509,6.6,0.41,96.1,11.3,10.3,1
2023-08-28 06:00:00,Kedarnath_Valley,7.0,14.9,45.6,7.58,0.267,2.1,0.169,74.2,10.5,9.9,1
2023-08-28 12:00:00,Rolwaling_Valley,3.3,6.5,17.7,3.66,0.084,0.9,0.132,32.9,19.8,18.7,0
2023-08-28 18:00:00,Solukhumbu_Catchment,4.9,10.2,31.4,5.6,0.511,10.9,2.248,59.2,17.2,15.5,1
2023-08-29 00:00:00,Kedarnath_Valley,0.4,0.8,2.5,3.88,-0.045,1.1,0.105,24.8,12.9,11.3,0
2023-08-29 06:00:00,Kedarnath_Valley,3.4,7.6,25.5,5.31,0.359,4.5,0.383,77.6,8.5,7.8,1
2023-08-29 12:00:00,Teesta_Basin,36.1,108.1,366.0,14.03,0.683,20.7,3.899,238.6,4.3,3.4,2
2023-08-29 18:00:00,Lahaul_Spiti,1.8,3.6,8.6,3.1,0.079,0.9,0.156,23.2,17.7,16.8,0
2023-08-30 00:00:00,Rolwaling_Valley,3.9,8.1,21.0,4.1,0.31,4.6,0.539,82.4,11.9,11.3,1
2023-08-30 06:00:00,Solukhumbu_Catchment,1.4,3.2,12.4,6.63,0.195,5.0,0.873,66.3,7.9,6.3,1
2023-08-30 12:00:00,Kedarnath_Valley,16.8,43.4,148.4,8.76,0.395,3.0,0.305,76.7,15.2,14.5,1
2023-08-30 18:00:00,Kedarnath_Valley,6.1,13.8,37.8,5.14,0.252,7.0,0.522,66.9,11.4,10.2,1
2023-08-31 00:00:00,Solukhumbu_Catchment,0.5,1.2,4.3,11.08,0.706,19.5,2.253,139.9,8.2,7.0,2
2023-08-31 06:00:00,Teesta_Basin,10.0,24.4,69.7,3.18,-0.018,2.1,0.262,34.8,12.2,10.6,0
2023-08-31 12:00:00,Kedarnath_Valley,16.2,41.8,154.2,6.16,0.581,4.7,0.722,81.8,11.3,9.9,1
2023-08-31 18:00:00,Kedarnath_Valley,2.9,6.6,18.7,4.48,0.076,0.6,0.071,44.8,14.4,13.4,0
2023-09-01 00:00:00,Rolwaling_Valley,2.0,5.4,19.6,5.97,0.501,3.7,0.287,38.1,7.1,5.9,1
2023-09-01 06:00:00,Kedarnath_Valley,3.6,7.5,22.7,3.74,0.053,2.0,0.337,22.8,13.7,13.0,0
2023-09-01 12:00:00,Lahaul_Spiti,0.8,1.8,4.8,2.83,-0.04,1.7,0.281,18.0,6.3,4.7,0
2023-09-01 18:00:00,Solukhumbu_Catchment,1.0,2.3,5.5,3.87,0.024,2.5,0.332,26.1,12.5,10.6,0
2023-09-02 00:00:00,Solukhumbu_Catchment,20.8,42.0,93.3,2.47,-0.078,1.5,0.349,36.1,10.2,8.5,0
2023-09-02 06:00:00,Kedarnath_Valley,3.2,7.8,20.4,3.67,-0.074,0.4,0.058,24.4,9.5,7.8,0
2023-09-02 12:00:00,Solukhumbu_Catchment,30.5,100.6,436.8,17.05,0.905,104.2,17.005,570.1,0.1,-0.2,3
2023-09-02 18:00:00,Solukhumbu_Catchment,8.0,20.0,63.3,2.51,-0.049,1.7,0.361,33.3,18.1,16.8,0
2023-09-03 00:00:00,Teesta_Basin,11.0,26.7,75.1,6.14,0.436,7.8,1.146,105.0,6.8,5.4,1
2023-09-03 06:00:00,Solukhumbu_Catchment,4.2,7.9,17.0,4.6,0.262,1.0,0.15,28.4,3.9,2.3,0
2023-09-03 12:00:00,Rolwaling_Valley,0.1,0.3,0.9,4.36,0.244,1.2,0.247,27.3,14.3,12.9,0
2023-09-03 18:00:00,Rolwaling_Valley,9.5,19.4,63.3,6.87,0.46,1.1,0.265,74.9,9.1,8.0,1
2023-09-04 00:00:00,Rolwaling_Valley,1.8,4.3,12.0,4.22,0.241,0.0,0.0,39.5,14.1,13.1,0
2023-09-04 06:00:00,Lahaul_Spiti,3.4,6.1,19.1,4.24,-0.116,0.7,0.065,22.1,8.4,7.1,0
2023-09-04 12:00:00,Lahaul_Spiti,1.8,3.3,7.2,3.18,0.228,1.2,0.175,27.1,9.1,7.5,0
2023-09-04 18:00:00,Lahaul_Spiti,0.2,0.4,1.0,5.47,0.262,1.0,0.145,34.1,15.1,14.2,0
2023-09-05 00:00:00,Teesta_Basin,17.9,40.7,177.8,10.36,0.748,26.2,1.44,151.7,8.8,7.9,2
2023-09-05 06:00:00,Solukhumbu_Catchment,8.5,21.2,78.0,6.26,0.479,6.0,1.348,79.2,8.5,7.7,1
2023-09-05 12:00:00,Lahaul_Spiti,60.5,162.3,798.0,15.58,1.121,67.2,8.927,517.8,6.3,5.5,3
2023-09-05 18:00:00,Kedarnath_Valley,0.0,0.1,0.2,7.93,0.287,7.1,0.864,104.0,8.2,7.3,1
2023-09-06 00:00:00,Kedarnath_Valley,1.8,4.0,11.2,4.2,-0.132,0.8,0.183,41.0,8.7,6.8,0
2023-09-06 06:00:00,Rolwaling_Valley,2.2,5.4,14.0,3.06,-0.028,1.4,0.078,30.3,12.4,11.5,0
2023-09-06 12:00:00,Kedarnath_Valley,36.8,80.4,294.1,5.08,0.42,5.4,0.562,82.1,7.6,7.0,1
2023-09-06 18:00:00,Rolwaling_Valley,7.3,18.2,56.8,6.21,0.667,32.4,2.259,141.6,9.6,8.8,2
2023-09-07 00:00:00,Rolwaling_Valley,1.1,3.1,12.2,4.99,0.377,5.2,0.739,59.2,8.6,7.9,1
2023-09-07 06:00:00,Teesta_Basin,1.4,3.1,10.1,3.18,-0.007,1.5,0.214,35.2,11.5,10.8,0
2023-09-07 12:00:00,Lahaul_Spiti,0.7,1.7,4.5,7.1,0.437,2.0,0.385,69.6,10.4,9.8,1
2023-09-07 18:00:00,Teesta_Basin,5.3,13.4,53.5,5.01,0.366,6.8,1.337,57.3,7.7,7.0,1
2023-09-08 00:00:00,Lahaul_Spiti,24.6,52.0,172.1,7.65,0.262,7.6,0.863,72.4,9.6,8.3,1
2023-09-08 06:00:00,Lahaul_Spiti,10.8,28.8,103.3,6.62,0.54,8.8,1.55,105.5,8.0,7.0,1
2023-09-08 12:00:00,Solukhumbu_Catchment,119.2,338.2,1060.0,15.2,1.119,53.1,7.238,453.6,4.5,3.9,3
2023-09-08 18:00:00,Kedarnath_Valley,2.5,5.9,20.5,3.48,0.067,1.3,0.064,24.0,3.4,2.6,0
2023-09-09 00:00:00,Teesta_Basin,0.7,1.7,5.6,3.51,0.128,0.2,0.04,31.9,5.8,5.2,0
2023-09-09 06:00:00,Rolwaling_Valley,3.3,7.8,19.9,3.16,0.043,0.2,0.054,26.9,13.3,11.6,0
2023-09-09 12:00:00,Kedarnath_Valley,5.7,12.6,28.1,3.92,0.002,0.4,0.066,23.4,7.6,6.0,0
2023-09-09 18:00:00,Solukhumbu_Catchment,1.6,4.1,14.8,4.83,0.588,5.3,0.884,71.6,6.5,5.7,1
2023-09-10 00:00:00,Rolwaling_Valley,2.0,4.5,13.0,7.76,0.428,5.6,1.387,55.5,8.9,7.5,1
2023-09-10 06:00:00,Lahaul_Spiti,26.9,66.8,181.4,4.89,0.176,8.2,1.714,71.1,6.2,5.1,1
2023-09-10 12:00:00,Teesta_Basin,34.2,89.5,366.6,15.89,0.937,94.2,23.019,311.0,2.1,1.9,3
2023-09-10 18:00:00,Rolwaling_Valley,2.3,5.5,16.1,2.95,0.374,0.5,0.108,30.7,14.6,12.8,0
2023-09-11 00:00:00,Solukhumbu_Catchment,0.3,0.7,1.4,4.41,0.185,1.6,0.171,27.8,10.4,9.3,0
2023-09-11 06:00:00,Teesta_Basin,0.5,1.2,3.7,7.86,0.387,10.0,1.119,65.2,10.7,9.9,1
2023-09-11 12:00:00,Solukhumbu_Catchment,12.5,31.0,130.7,14.08,0.915,20.8,3.39,164.8,9.4,8.9,2
2023-09-11 18:00:00,Teesta_Basin,4.5,11.5,36.4,5.09,0.509,4.1,0.697,65.6,6.7,5.1,1
2023-09-12 00:00:00,Kedarnath_Valley,2.9,5.6,18.2,2.27,0.226,0.6,0.056,18.2,7.9,6.1,0
2023-09-12 06:00:00,Solukhumbu_Catchment,23.0,63.7,220.0,6.41,0.419,10.6,2.084,53.4,9.4,8.7,1
2023-09-12 12:00:00,Kedarnath_Valley,0.6,1.1,2.6,4.21,0.079,0.4,0.06,33.7,7.4,6.5,0
2023-09-12 18:00:00,Rolwaling_Valley,0.9,1.9,5.6,2.47,0.07,1.0,0.071,12.3,11.6,9.8,0
2023-09-13 00:00:00,Kedarnath_Valley,3.5,8.5,27.0,2.85,-0.061,1.2,0.134,34.5,10.1,9.1,0
2023-09-13 06:00:00,Lahaul_Spiti,5.7,14.2,51.6,12.71,0.636,20.4,3.999,123.0,10.0,9.1,2
2023-09-13 12:00:00,Teesta_Basin,21.5,61.5,191.9,9.42,0.884,30.9,2.608,171.0,9.7,8.4,2
2023-09-13 18:00:00,Lahaul_Spiti,26.8,71.4,264.4,11.44,0.839,35.4,2.871,155.0,5.6,4.7,2
2023-09-14 00:00:00,Solukhumbu_Catchment,94.0,288.9,977.8,12.68,1.134,44.9,3.246,283.1,4.0,3.0,3
2023-09-14 06:00:00,Lahaul_Spiti,0.5,1.1,2.9,4.34,0.268,1.8,0.121,28.4,8.6,6.7,0
2023-09-14 12:00:00,Rolwaling_Valley,26.0,68.8,270.6,8.95,0.582,31.5,2.829,161.9,7.0,5.6,2
2023-09-14 18:00:00,Solukhumbu_Catchment,2.1,6.5,25.6,19.42,1.133,92.0,12.174,444.0,3.7,3.2,3
2023-09-15 00:00:00,Lahaul_Spiti,93.3,238.9,868.4,16.91,0.944,83.6,20.379,331.3,4.9,3.7,3
2023-09-15 06:00:00,Teesta_Basin,16.1,42.9,126.9,6.24,0.387,4.6,1.053,54.5,13.2,12.6,1
2023-09-15 12:00:00,Teesta_Basin,16.7,36.2,134.2,8.15,0.488,10.3,0.702,82.8,3.7,2.7,1
2023-09-15 18:00:00,Teesta_Basin,2.4,5.1,13.4,2.93,-0.178,1.8,0.394,16.6,11.0,9.1,0
2023-09-16 00:00:00,Rolwaling_Valley,9.0,18.7,74.5,4.69,0.526,7.6,1.021,94.4,13.8,12.8,1
2023-09-16 06:00:00,Solukhumbu_Catchment,63.3,183.7,657.0,11.6,0.431,21.5,1.301,128.3,10.9,10.2,2
2023-09-16 12:00:00,Rolwaling_Valley,8.7,19.0,56.4,5.34,0.556,6.3,1.575,82.7,11.0,9.3,1
2023-09-16 18:00:00,Teesta_Basin,5.5,11.1,28.4,5.48,0.376,5.0,0.86,79.5,4.3,2.7,1
2023-09-17 00:00:00,Solukhumbu_Catchment,8.6,22.1,64.0,8.28,0.295,1.9,0.27,76.5,12.7,11.9,1
2023-09-17 06:00:00,Lahaul_Spiti,1.2,2.7,8.0,3.75,0.15,0.9,0.151,21.2,10.5,9.1,0
2023-09-17 12:00:00,Lahaul_Spiti,2.0,4.0,11.3,4.66,0.152,4.0,0.257,69.0,11.5,10.3,1
2023-09-17 18:00:00,Teesta_Basin,89.6,237.2,814.7,11.52,0.897,22.9,5.463,162.6,6.6,5.8,2
2023-09-18 00:00:00,Kedarnath_Valley,103.1,250.9,1041.4,13.95,0.814,25.5,1.712,190.1,3.2,2.2,2
2023-09-18 06:00:00,Kedarnath_Valley,0.2,0.5,1.4,2.64,0.121,1.9,0.434,25.1,18.0,17.1,0
2023-09-18 12:00:00,Lahaul_Spiti,3.8,8.3,31.9,6.12,0.357,7.3,0.614,59.2,7.8,6.1,1
2023-09-18 18:00:00,Teesta_Basin,18.7,52.7,259.1,19.07,1.233,64.0,14.846,338.4,5.7,5.3,3
2023-09-19 00:00:00,Teesta_Basin,10.2,23.3,74.0,6.8,0.342,8.9,1.475,81.4,10.5,8.9,1
2023-09-19 06:00:00,Kedarnath_Valley,2.6,5.2,16.8,2.85,-0.151,0.9,0.125,25.2,11.4,10.9,0
2023-09-19 12:00:00,Solukhumbu_Catchment,0.1,0.2,0.5,2.35,0.006,0.8,0.077,29.7,16.6,15.3,0
2023-09-19 18:00:00,Lahaul_Spiti,70.4,225.0,1122.9,17.68,0.966,103.4,19.831,243.5,1.6,1.1,3
2023-09-20 00:00:00,Lahaul_Spiti,95.0,254.3,1079.9,8.51,0.764,28.8,3.675,211.1,4.4,3.9,2
2023-09-20 06:00:00,Teesta_Basin,4.9,8.9,21.9,3.13,-0.131,0.9,0.088,27.0,13.3,12.4,0
2023-09-20 12:00:00,Kedarnath_Valley,0.5,0.9,3.0,4.76,0.061,0.6,0.091,30.5,9.2,8.7,0
2023-09-20 18:00:00,Lahaul_Spiti,0.1,0.2,0.7,4.58,0.039,0.8,0.175,35.7,10.9,9.3,0
2023-09-21 00:00:00,Lahaul_Spiti,0.5,1.0,2.5,3.01,0.254,1.5,0.3,43.8,5.9,4.7,0
2023-09-21 06:00:00,Kedarnath_Valley,3.3,7.8,18.7,3.54,0.385,1.4,0.153,34.7,9.0,7.3,0
2023-09-21 12:00:00,Kedarnath_Valley,5.3,11.2,36.7,4.64,0.504,6.3,0.502,61.5,7.1,5.7,1
2023-09-21 18:00:00,Teesta_Basin,4.3,10.4,25.3,4.25,0.162,1.5,0.257,21.8,12.4,10.8,0
2023-09-22 00:00:00,Rolwaling_Valley,81.9,247.1,927.7,15.61,1.185,64.1,4.989,411.3,7.0,5.8,3
2023-09-22 06:00:00,Lahaul_Spiti,1.2,2.5,8.6,3.15,0.024,2.0,0.4,31.2,11.0,10.0,0
2023-09-22 12:00:00,Lahaul_Spiti,2.0,5.2,18.8,4.4,0.327,8.3,0.761,75.8,10.6,9.6,1
2023-09-22 18:00:00,Solukhumbu_Catchment,19.0,48.7,128.2,6.18,0.306,3.8,0.896,66.9,11.1,10.5,1
2023-09-23 00:00:00,Solukhumbu_Catchment,8.1,14.8,46.8,2.43,0.069,1.9,0.168,34.4,5.5,3.9,0
2023-09-23 06:00:00,Teesta_Basin,3.2,6.5,19.1,4.78,-0.077,1.6,0.353,36.4,11.1,10.5,0
2023-09-23 12:00:00,Teesta_Basin,8.6,17.3,48.6,7.57,0.369,7.0,0.385,80.6,7.4,6.6,1
2023-09-23 18:00:00,Lahaul_Spiti,0.8,1.6,5.5,5.77,0.39,8.9,1.138,66.2,14.4,12.7,1
2023-09-24 00:00:00,Lahaul_Spiti,2.3,6.5,16.3,6.25,0.446,6.7,0.705,63.8,12.6,10.9,1
2023-09-24 06:00:00,Teesta_Basin,7.2,15.4,49.1,6.09,0.772,5.0,0.331,122.0,9.3,8.1,1
2023-09-24 12:00:00,Rolwaling_Valley,0.0,0.1,0.3,4.93,0.115,0.4,0.03,29.3,12.4,11.0,0
2023-09-24 18:00:00,Teesta_Basin,2.7,5.2,17.1,3.88,0.045,2.0,0.489,21.7,17.3,16.2,0
2023-09-25 00:00:00,Lahaul_Spiti,149.8,423.0,1944.9,9.13,0.904,107.1,12.796,414.4,4.8,4.4,3
2023-09-25 06:00:00,Teesta_Basin,1.2,2.4,7.1,3.65,-0.089,0.9,0.222,38.4,20.2,19.5,0
2023-09-25 12:00:00,Kedarnath_Valley,1.5,3.1,10.8,4.8,0.123,1.1,0.258,34.7,12.2,10.7,0
2023-09-25 18:00:00,Solukhumbu_Catchment,5.3,10.0,25.3,4.86,-0.155,0.3,0.037,20.0,15.7,14.9,0
2023-09-26 00:00:00,Rolwaling_Valley,4.3,8.9,35.3,6.72,0.225,3.3,0.594,60.6,6.5,5.9,1
2023-09-26 06:00:00,Teesta_Basin,1.2,3.1,8.9,8.26,0.339,7.8,1.124,91.6,9.8,8.7,1
2023-09-26 12:00:00,Solukhumbu_Catchment,6.5,15.1,42.9,2.68,0.522,1.0,0.17,24.6,10.1,9.3,0
2023-09-26 18:00:00,Solukhumbu_Catchment,3.1,7.4,19.3,4.74,-0.05,1.1,0.259,29.1,14.1,12.3,0
2023-09-27 00:00:00,Lahaul_Spiti,11.5,31.2,93.6,8.0,0.33,8.1,1.243,59.6,14.7,13.0,1
2023-09-27 06:00:00,Lahaul_Spiti,1.1,2.7,6.9,3.21,0.317,1.0,0.243,28.1,4.3,3.2,0
2023-09-27 12:00:00,Teesta_Basin,25.9,69.7,222.8,4.65,0.673,22.5,3.698,162.0,7.8,6.7,2
2023-09-27 18:00:00,Solukhumbu_Catchment,1.6,3.6,7.3,3.18,0.061,0.8,0.135,22.8,7.5,6.2,0
2023-09-28 00:00:00,Teesta_Basin,7.3,14.6,36.6,7.53,0.445,0.5,0.042,115.7,14.5,13.9,1
2023-09-28 06:00:00,Kedarnath_Valley,0.5,1.2,3.8,3.03,0.025,1.4,0.324,41.8,6.2,4.3,0
2023-09-28 12:00:00,Solukhumbu_Catchment,43.9,125.2,545.6,10.1,0.73,37.3,8.037,177.7,10.5,9.7,2
2023-09-28 18:00:00,Rolwaling_Valley,1.8,4.9,14.7,5.54,0.393,4.1,0.845,86.1,8.6,7.6,1
2023-09-29 00:00:00,Solukhumbu_Catchment,4.8,10.5,35.2,3.06,0.214,0.9,0.128,29.6,6.5,5.1,0
2023-09-29 06:00:00,Kedarnath_Valley,0.8,2.0,4.0,4.49,0.166,1.4,0.071,33.9,14.8,13.1,0
2023-09-29 12:00:00,Kedarnath_Valley,14.2,37.0,159.6,10.83,0.877,20.6,3.825,173.6,4.0,2.7,2
2023-09-29 18:00:00,Kedarnath_Valley,4.5,10.3,22.6,3.74,0.02,0.8,0.2,45.6,12.2,10.8,0
2023-09-30 00:00:00,Solukhumbu_Catchment,9.8,21.6,75.1,2.34,-0.244,0.7,0.064,23.7,7.8,6.7,0
2023-09-30 06:00:00,Kedarnath_Valley,9.3,26.6,86.6,15.31,1.051,70.1,4.824,300.9,-0.3,-0.9,3
2023-09-30 12:00:00,Lahaul_Spiti,2.2,5.5,12.4,2.35,0.167,2.2,0.294,33.1,16.6,15.8,0
2023-09-30 18:00:00,Lahaul_Spiti,25.8,68.6,258.5,7.37,0.56,6.3,1.49,99.1,6.4,5.8,1
2023-10-01 00:00:00,Solukhumbu_Catchment,1.4,2.8,5.5,3.78,0.084,1.4,0.207,34.1,16.4,14.7,0
2023-10-01 06:00:00,Solukhumbu_Catchment,0.8,1.9,4.6,2.92,0.18,1.3,0.133,30.3,12.8,12.0,0
2023-10-01 12:00:00,Solukhumbu_Catchment,4.8,10.7,25.1,4.48,0.258,1.4,0.248,44.2,3.9,2.5,0
2023-10-01 18:00:00,Lahaul_Spiti,3.3,6.3,16.1,4.11,0.198,1.2,0.195,35.0,15.0,14.5,0
2023-10-02 00:00:00,Rolwaling_Valley,0.4,0.9,3.0,5.83,0.587,2.0,0.448,93.5,5.6,4.6,1
2023-10-02 06:00:00,Solukhumbu_Catchment,1.5,3.7,10.2,3.14,0.059,1.0,0.081,38.2,14.3,12.5,0
2023-10-02 12:00:00,Kedarnath_Valley,60.7,198.4,979.7,12.93,1.191,46.6,7.78,365.8,3.6,2.6,3
2023-10-02 18:00:00,Kedarnath_Valley,7.2,18.5,48.3,6.16,0.446,6.1,1.385,65.6,8.9,7.9,1
2023-10-03 00:00:00,Solukhumbu_Catchment,0.4,1.1,3.1,6.45,0.457,5.6,0.523,72.6,7.9,6.9,1
2023-10-03 06:00:00,Kedarnath_Valley,29.5,74.2,269.1,7.19,0.576,8.3,0.507,57.3,7.6,7.1,1
2023-10-03 12:00:00,Lahaul_Spiti,2.5,5.3,20.5,7.58,0.254,5.1,0.729,90.0,9.0,7.3,1
2023-10-03 18:00:00,Lahaul_Spiti,5.3,11.1,31.0,2.32,0.04,0.4,0.062,20.3,18.2,17.5,0
2023-10-04 00:00:00,Solukhumbu_Catchment,6.4,17.1,51.5,7.22,0.569,5.5,0.469,55.6,12.7,11.5,1
2023-10-04 06:00:00,Lahaul_Spiti,5.7,11.3,29.5,4.13,0.029,1.4,0.08,26.0,25.2,23.7,0
2023-10-04 12:00:00,Lahaul_Spiti,10.7,29.3,95.2,12.12,0.955,36.4,8.258,142.2,5.4,4.5,2
2023-10-04 18:00:00,Teesta_Basin,105.9,277.2,842.5,9.84,0.523,14.8,2.105,137.1,6.7,6.2,2
2023-10-05 00:00:00,Solukhumbu_Catchment,94.0,298.5,1288.2,19.21,1.068,70.4,6.143,428.4,4.4,4.0,3
2023-10-05 06:00:00,Rolwaling_Valley,2.1,4.1,14.2,2.73,0.439,0.9,0.131,16.4,14.9,14.4,0
2023-10-05 12:00:00,Kedarnath_Valley,15.0,36.0,138.0,7.71,0.527,6.2,0.884,65.0,5.8,4.9,1
2023-10-05 18:00:00,Solukhumbu_Catchment,0.6,1.5,4.2,3.27,-0.248,0.5,0.12,38.7,12.6,11.7,0
2023-10-06 00:00:00,Lahaul_Spiti,3.1,6.4,15.7,2.89,0.002,0.5,0.114,29.5,19.3,17.4,0
2023-10-06 06:00:00,Teesta_Basin,6.1,18.3,77.4,9.39,0.914,34.4,2.664,219.7,5.1,4.0,2
2023-10-06 12:00:00,Teesta_Basin,3.0,5.5,18.2,3.23,0.271,1.4,0.103,27.8,13.4,12.9,0
2023-10-06 18:00:00,Solukhumbu_Catchment,2.5,6.0,14.8,3.73,0.0,0.6,0.15,38.8,12.5,10.8,0
2023-10-07 00:00:00,Lahaul_Spiti,1.0,1.9,6.4,3.8,0.328,1.4,0.175,18.7,15.1,14.3,0
2023-10-07 06:00:00,Lahaul_Spiti,5.1,13.5,53.2,8.42,0.489,3.1,0.549,65.2,13.7,12.5,1
2023-10-07 12:00:00,Lahaul_Spiti,13.0,44.4,209.1,19.36,1.215,43.4,10.272,361.6,2.2,1.4,3
2023-10-07 18:00:00,Kedarnath_Valley,0.5,1.0,3.2,3.53,0.065,1.2,0.169,33.9,6.5,5.9,0
2023-10-08 00:00:00,Rolwaling_Valley,6.1,14.9,39.7,6.12,0.289,8.7,1.344,72.5,7.1,5.3,1
2023-10-08 06:00:00,Lahaul_Spiti,5.3,12.3,33.7,3.0,-0.126,1.1,0.185,28.9,15.7,15.1,0
2023-10-08 12:00:00,Rolwaling_Valley,11.4,34.8,169.9,23.92,1.173,83.6,16.483,370.6,8.6,8.0,3
2023-10-08 18:00:00,Lahaul_Spiti,14.7,41.5,168.2,13.01,0.762,26.7,3.763,214.5,4.4,3.0,2
2023-10-09 00:00:00,Rolwaling_Valley,36.6,84.6,327.1,5.01,0.468,5.2,1.075,52.2,10.7,9.9,1
2023-10-09 06:00:00,Lahaul_Spiti,5.3,12.0,41.4,2.54,-0.203,0.3,0.031,33.9,11.6,10.4,0
2023-10-09 12:00:00,Teesta_Basin,1.2,2.2,5.4,1.85,-0.099,0.8,0.121,30.1,10.5,9.6,0
2023-10-09 18:00:00,Solukhumbu_Catchment,15.0,41.0,133.5,10.43,0.646,28.1,6.647,173.5,11.9,10.9,2
2023-10-10 00:00:00,Solukhumbu_Catchment,2.6,6.1,19.5,2.58,0.054,0.9,0.112,20.0,9.4,8.3,0
2023-10-10 06:00:00,Lahaul_Spiti,22.3,53.6,185.9,6.66,0.195,4.1,0.376,95.4,8.8,7.2,1
2023-10-10 12:00:00,Kedarnath_Valley,1.6,3.0,8.0,4.38,-0.221,1.7,0.327,30.8,10.9,10.1,0
2023-10-10 18:00:00,Teesta_Basin,0.0,0.1,0.3,2.45,-0.087,1.0,0.247,39.8,6.9,6.3,0
2023-10-11 00:00:00,Rolwaling_Valley,2.4,6.9,20.2,9.45,0.566,24.1,1.242,168.1,12.9,12.3,2
2023-10-11 06:00:00,Teesta_Basin,5.0,10.5,29.0,3.61,-0.198,1.5,0.262,22.8,13.2,11.6,0
2023-10-11 12:00:00,Teesta_Basin,28.0,74.8,282.8,12.56,0.817,15.7,0.84,183.7,0.9,0.3,2
2023-10-11 18:00:00,Lahaul_Spiti,1.4,3.3,10.9,4.64,0.369,5.6,1.151,59.4,8.3,6.6,1
2023-10-12 00:00:00,Lahaul_Spiti,5.4,12.7,32.4,4.98,0.279,4.6,1.031,109.7,10.6,9.6,1
2023-10-12 06:00:00,Solukhumbu_Catchment,0.8,1.8,4.7,4.93,0.143,1.5,0.223,38.1,12.6,11.9,0
2023-10-12 12:00:00,Lahaul_Spiti,0.7,1.3,2.8,4.88,-0.163,0.5,0.086,30.0,12.1,10.8,0
2023-10-12 18:00:00,Rolwaling_Valley,18.4,39.4,117.1,6.76,0.545,12.0,1.744,85.5,10.5,9.2,1
2023-10-13 00:00:00,Solukhumbu_Catchment,0.2,0.4,0.9,4.64,0.111,0.9,0.061,21.5,14.0,12.7,0
2023-10-13 06:00:00,Kedarnath_Valley,11.1,30.8,112.4,8.41,0.388,2.7,0.521,79.8,9.6,9.0,1
2023-10-13 12:00:00,Solukhumbu_Catchment,0.9,2.3,6.1,7.22,0.555,4.0,0.597,86.5,8.4,6.8,1
2023-10-13 18:00:00,Solukhumbu_Catchment,32.5,89.3,387.3,8.38,0.731,38.5,8.686,148.7,6.4,5.9,2
2023-10-14 00:00:00,Rolwaling_Valley,5.9,13.5,43.7,8.13,0.39,7.8,1.773,58.7,10.8,9.1,1
2023-10-14 06:00:00,Teesta_Basin,6.0,11.5,23.2,3.54,-0.074,1.2,0.104,26.1,10.8,9.5,0
2023-10-14 12:00:00,Teesta_Basin,17.5,39.5,156.6,10.75,0.639,40.4,3.48,132.5,2.6,1.7,2
2023-10-14 18:00:00,Teesta_Basin,1.9,3.9,8.6,2.77,0.013,2.0,0.155,21.9,10.5,8.7,0
2023-10-15 00:00:00,Lahaul_Spiti,6.7,14.1,55.2,4.55,0.42,8.6,0.597,78.3,8.2,6.5,1
2023-10-15 06:00:00,Solukhumbu_Catchment,6.4,11.9,31.3,3.61,0.089,1.7,0.346,31.4,7.6,5.9,0
2023-10-15 12:00:00,Kedarnath_Valley,1.2,2.6,7.2,6.87,0.378,5.6,0.682,90.8,9.3,8.3,1
2023-10-15 18:00:00,Solukhumbu_Catchment,6.9,18.7,74.0,5.33,0.209,8.0,1.046,88.1,14.2,12.8,1
2023-10-16 00:00:00,Kedarnath_Valley,22.6,51.8,162.9,3.96,0.101,1.6,0.359,43.6,9.2,7.3,0
2023-10-16 06:00:00,Solukhumbu_Catchment,1.7,3.5,9.3,2.98,-0.084,1.2,0.088,43.6,16.5,15.5,0
2023-10-16 12:00:00,Lahaul_Spiti,9.1,20.9,52.0,4.61,-0.074,1.4,0.103,23.3,16.3,15.3,0
2023-10-16 18:00:00,Rolwaling_Valley,0.7,1.3,2.9,3.54,0.191,0.3,0.028,31.4,15.1,14.5,0
2023-10-17 00:00:00,Solukhumbu_Catchment,7.3,14.2,40.0,2.86,-0.35,0.8,0.07,39.3,10.2,8.8,0
2023-10-17 06:00:00,Teesta_Basin,0.4,0.9,2.3,4.21,0.146,1.3,0.119,19.6,10.5,8.8,0
2023-10-17 12:00:00,Teesta_Basin,5.3,12.9,29.4,3.08,0.039,0.5,0.034,26.8,8.2,6.8,0
2023-10-17 18:00:00,Lahaul_Spiti,109.4,351.5,1351.6,18.6,1.167,102.7,11.841,351.4,3.7,3.3,3
2023-10-18 00:00:00,Solukhumbu_Catchment,3.1,7.0,22.7,4.06,0.378,1.8,0.202,34.0,9.9,8.5,0
2023-10-18 06:00:00,Teesta_Basin,4.2,8.6,23.6,3.07,-0.111,0.4,0.096,40.1,18.9,17.9,0
2023-10-18 12:00:00,Kedarnath_Valley,13.4,31.2,100.4,4.86,0.59,2.8,0.357,62.1,10.2,8.5,1
2023-10-18 18:00:00,Lahaul_Spiti,23.1,50.2,172.5,4.9,0.382,8.2,1.476,65.1,5.3,4.3,1
2023-10-19 00:00:00,Solukhumbu_Catchment,7.8,16.8,55.7,5.5,0.551,2.1,0.119,56.5,6.3,5.4,1
2023-10-19 06:00:00,Teesta_Basin,0.5,1.4,4.0,5.43,0.513,7.4,1.817,87.1,16.1,15.4,1
2023-10-19 12:00:00,Teesta_Basin,4.1,9.4,23.9,4.1,0.41,5.2,0.732,46.0,7.3,6.6,1
2023-10-19 18:00:00,Rolwaling_Valley,4.8,12.5,42.6,6.81,0.505,7.3,1.666,78.4,9.5,8.6,1
2023-10-20 00:00:00,Solukhumbu_Catchment,2.9,6.7,18.3,3.41,0.196,1.2,0.232,20.1,10.4,9.9,0
2023-10-20 06:00:00,Teesta_Basin,7.7,17.6,50.7,3.85,-0.158,1.8,0.199,38.2,17.8,16.5,0
2023-10-20 12:00:00,Teesta_Basin,6.7,14.5,38.9,5.35,0.489,4.5,0.43,95.0,8.6,7.4,1
2023-10-20 18:00:00,Rolwaling_Valley,3.7,9.6,32.2,7.86,0.505,4.0,0.811,57.7,8.9,7.5,1
2023-10-21 00:00:00,Kedarnath_Valley,1.8,3.3,9.7,3.21,0.084,0.8,0.177,34.3,16.9,16.2,0
2023-10-21 06:00:00,Rolwaling_Valley,1.4,3.0,10.2,3.04,0.191,1.1,0.175,37.9,11.7,10.2,0
2023-10-21 12:00:00,Rolwaling_Valley,21.3,49.6,214.4,10.89,0.663,23.8,5.578,179.9,7.7,6.9,2
2023-10-21 18:00:00,Rolwaling_Valley,1.0,2.5,7.3,2.97,0.17,1.0,0.21,39.1,13.0,11.4,0
2023-10-22 00:00:00,Kedarnath_Valley,21.4,48.7,149.9,6.76,0.267,4.8,0.61,54.8,10.3,9.0,1
2023-10-22 06:00:00,Lahaul_Spiti,7.6,16.4,50.3,3.48,-0.059,1.4,0.202,14.0,17.2,15.7,0
2023-10-22 12:00:00,Kedarnath_Valley,3.3,7.8,24.6,3.54,-0.154,1.3,0.137,34.5,11.3,10.2,0
2023-10-22 18:00:00,Solukhumbu_Catchment,3.5,7.6,18.6,3.43,0.182,1.0,0.221,30.8,9.7,7.7,0
2023-10-23 00:00:00,Rolwaling_Valley,0.9,2.3,7.7,3.56,0.017,1.3,0.114,25.7,6.5,4.6,0
2023-10-23 06:00:00,Teesta_Basin,9.1,21.7,76.1,8.24,0.377,8.0,1.608,58.8,11.6,10.2,1
2023-10-23 12:00:00,Lahaul_Spiti,16.3,44.7,171.8,5.75,0.409,5.4,0.506,72.3,8.4,6.7,1
2023-10-23 18:00:00,Solukhumbu_Catchment,0.4,0.7,2.6,4.22,0.186,1.3,0.292,35.7,15.6,15.0,0
2023-10-24 00:00:00,Rolwaling_Valley,4.7,11.0,37.7,3.72,0.087,0.6,0.043,46.5,10.1,9.0,0
2023-10-24 06:00:00,Teesta_Basin,0.1,0.3,0.8,4.8,0.686,4.4,0.482,73.8,6.3,5.6,1
2023-10-24 12:00:00,Lahaul_Spiti,16.2,35.7,100.6,5.8,0.57,3.8,0.608,76.3,11.3,9.8,1
2023-10-24 18:00:00,Rolwaling_Valley,59.4,165.4,546.9,7.89,0.065,7.7,1.201,103.2,4.3,3.3,1
2023-10-25 00:00:00,Lahaul_Spiti,23.5,68.1,292.8,12.25,0.571,31.6,7.755,110.7,5.8,5.2,2
2023-10-25 06:00:00,Solukhumbu_Catchment,3.0,5.8,15.0,1.56,0.141,1.0,0.157,34.8,7.6,6.5,0
2023-10-25 12:00:00,Teesta_Basin,6.9,19.1,61.7,10.04,0.528,29.1,2.09,206.5,4.8,3.9,2
2023-10-25 18:00:00,Kedarnath_Valley,0.5,1.0,2.8,2.76,0.146,1.2,0.221,38.6,11.4,10.3,0
2023-10-26 00:00:00,Solukhumbu_Catchment,9.7,27.6,77.7,9.83,0.868,32.5,6.752,207.9,7.5,7.0,2
2023-10-26 06:00:00,Teesta_Basin,2.4,5.6,13.5,4.12,0.194,1.6,0.275,18.0,6.8,5.4,0
2023-10-26 12:00:00,Solukhumbu_Catchment,5.3,10.6,30.0,6.41,0.318,10.7,1.804,64.8,8.9,7.9,1
2023-10-26 18:00:00,Solukhumbu_Catchment,32.5,82.3,354.3,16.26,1.253,83.6,18.916,472.5,6.9,6.4,3
2023-10-27 00:00:00,Teesta_Basin,4.3,10.0,33.9,4.93,-0.291,1.1,0.113,19.4,10.0,8.9,0
2023-10-27 06:00:00,Solukhumbu_Catchment,5.0,13.0,52.1,11.21,0.986,23.8,5.177,195.3,10.0,9.3,2
2023-10-27 12:00:00,Kedarnath_Valley,1.5,3.5,11.5,3.46,-0.035,0.9,0.049,25.7,15.7,14.2,0
2023-10-27 18:00:00,Teesta_Basin,0.4,0.8,2.5,3.23,0.372,0.8,0.105,30.7,15.8,14.9,0
2023-10-28 00:00:00,Solukhumbu_Catchment,17.2,32.1,97.2,4.03,0.293,1.3,0.181,27.6,12.4,11.5,0
2023-10-28 06:00:00,Solukhumbu_Catchment,4.8,10.2,23.4,2.54,0.106,1.4,0.168,29.1,10.4,9.5,0
2023-10-28 12:00:00,Lahaul_Spiti,3.6,6.6,20.0,4.48,-0.03,2.0,0.328,26.5,13.7,11.8,0
2023-10-28 18:00:00,Solukhumbu_Catchment,1.4,3.2,9.8,2.76,0.108,2.0,0.131,36.1,13.2,11.9,0
2023-10-29 00:00:00,Lahaul_Spiti,49.7,129.0,415.3,13.94,0.792,28.9,3.455,165.2,5.8,4.6,2
2023-10-29 06:00:00,Kedarnath_Valley,10.4,25.3,72.5,12.65,0.955,43.5,5.739,151.0,14.6,13.6,2
2023-10-29 12:00:00,Rolwaling_Valley,0.6,1.6,4.6,9.48,0.521,17.2,2.793,175.2,10.5,9.0,2
2023-10-29 18:00:00,Kedarnath_Valley,0.9,2.4,9.0,12.1,0.737,14.7,0.764,139.1,9.7,9.0,2
2023-10-30 00:00:00,Solukhumbu_Catchment,3.4,7.7,24.8,6.74,0.387,6.5,0.773,52.7,7.5,6.5,1
2023-10-30 06:00:00,Teesta_Basin,3.2,7.5,26.5,6.39,0.323,6.5,0.674,91.3,9.4,8.6,1
2023-10-30 12:00:00,Lahaul_Spiti,4.2,10.2,30.7,4.88,0.258,7.3,1.277,67.8,9.9,9.3,1
2023-10-30 18:00:00,Rolwaling_Valley,0.4,1.1,3.3,10.73,0.878,21.5,1.245,127.7,5.8,4.9,2
2023-10-31 00:00:00,Rolwaling_Valley,11.6,26.4,70.5,7.82,0.337,2.0,0.11,90.5,12.6,11.7,1
2023-10-31 06:00:00,Rolwaling_Valley,5.7,16.9,49.7,10.33,1.001,21.6,2.034,155.3,5.3,4.6,2
2023-10-31 12:00:00,Rolwaling_Valley,6.5,11.7,39.6,2.84,0.168,2.7,0.385,41.7,8.8,7.5,0
2023-10-31 18:00:00,Lahaul_Spiti,1.3,2.6,8.8,3.85,0.288,1.7,0.163,32.8,13.7,12.8,0
2023-11-01 00:00:00,Kedarnath_Valley,8.5,23.3,58.6,9.31,0.546,7.4,1.704,81.4,9.7,8.5,1
2023-11-01 06:00:00,Lahaul_Spiti,34.0,92.4,313.1,18.66,1.037,89.9,16.599,316.7,6.1,5.3,3
2023-11-01 12:00:00,Teesta_Basin,0.4,1.0,2.7,4.76,0.379,5.0,0.909,81.1,13.3,12.3,1
2023-11-01 18:00:00,Rolwaling_Valley,20.9,49.4,139.0,6.52,0.557,4.3,0.686,87.7,9.3,7.8,1
2023-11-02 00:00:00,Kedarnath_Valley,63.8,148.2,557.8,7.41,0.774,36.1,6.313,227.6,2.9,1.6,2
2023-11-02 06:00:00,Rolwaling_Valley,1.4,3.4,11.7,4.79,-0.241,1.7,0.414,26.2,19.2,17.7,0
2023-11-02 12:00:00,Kedarnath_Valley,0.9,1.7,5.4,3.9,-0.188,0.4,0.038,29.1,12.5,11.9,0
2023-11-02 18:00:00,Kedarnath_Valley,29.6,95.1,401.6,17.39,1.263,60.1,11.434,349.0,4.3,3.8,3
2023-11-03 00:00:00,Solukhumbu_Catchment,0.5,1.1,2.8,5.77,0.35,1.3,0.267,80.9,12.9,11.4,1
2023-11-03 06:00:00,Kedarnath_Valley,0.6,1.6,5.1,4.07,0.314,7.1,0.707,101.8,3.1,1.4,1
2023-11-03 12:00:00,Solukhumbu_Catchment,2.1,4.6,15.3,3.91,0.031,1.7,0.333,25.0,6.7,5.6,0
2023-11-03 18:00:00,Lahaul_Spiti,0.4,0.8,2.0,4.19,-0.118,1.2,0.156,33.5,11.0,9.1,0
2023-11-04 00:00:00,Rolwaling_Valley,29.9,74.2,319.6,10.95,1.047,29.3,3.209,186.4,6.2,4.8,2
2023-11-04 06:00:00,Solukhumbu_Catchment,1.7,4.0,11.3,4.9,0.223,0.9,0.048,28.9,6.6,5.9,0
2023-11-04 12:00:00,Kedarnath_Valley,1.3,3.5,14.9,11.61,0.535,24.9,4.05,249.0,4.6,3.2,2
2023-11-04 18:00:00,Teesta_Basin,4.7,11.4,34.5,5.25,-0.005,0.9,0.203,29.7,9.6,8.5,0
2023-11-05 00:00:00,Lahaul_Spiti,14.5,37.9,138.7,8.68,0.551,6.6,0.782,77.4,8.4,7.6,1
2023-11-05 06:00:00,Kedarnath_Valley,1.2,2.4,8.0,5.15,0.24,6.9,1.304,70.7,10.0,8.3,1
2023-11-05 12:00:00,Teesta_Basin,0.1,0.3,0.7,3.01,-0.094,1.2,0.286,27.3,13.2,11.7,0
2023-11-05 18:00:00,Solukhumbu_Catchment,38.4,114.6,394.0,11.27,0.712,26.4,4.479,163.6,7.8,7.0,2
2023-11-06 00:00:00,Solukhumbu_Catchment,0.1,0.1,0.4,3.33,0.076,1.0,0.091,26.9,12.9,11.2,0
2023-11-06 06:00:00,Lahaul_Spiti,18.5,53.4,238.6,18.32,1.196,110.1,9.288,434.2,4.5,3.5,3
2023-11-06 12:00:00,Rolwaling_Valley,16.5,39.1,108.5,7.05,0.248,3.8,0.808,89.1,8.0,6.6,1
2023-11-06 18:00:00,Kedarnath_Valley,3.4,6.8,20.7,3.02,0.011,1.6,0.221,20.3,10.6,9.0,0
2023-11-07 00:00:00,Solukhumbu_Catchment,13.1,28.6,97.2,5.63,0.436,4.8,0.464,33.0,10.3,8.6,1
2023-11-07 06:00:00,Lahaul_Spiti,0.6,1.4,4.3,3.63,0.14,1.4,0.162,31.2,12.8,10.9,0
2023-11-07 12:00:00,Rolwaling_Valley,0.6,1.1,2.8,2.43,0.199,2.1,0.282,43.1,11.1,9.6,0
2023-11-07 18:00:00,Lahaul_Spiti,2.6,7.3,30.6,11.03,0.705,12.6,3.014,158.0,6.7,5.5,2
2023-11-08 00:00:00,Lahaul_Spiti,14.1,32.9,103.0,5.97,0.331,2.8,0.415,76.9,8.1,7.5,1
2023-11-08 06:00:00,Teesta_Basin,1.8,3.5,9.7,3.18,0.3,0.7,0.084,28.5,13.5,12.6,0
2023-11-08 12:00:00,Rolwaling_Valley,1.6,3.4,9.2,2.83,0.252,0.7,0.089,20.9,13.6,11.7,0
2023-11-08 18:00:00,Lahaul_Spiti,1.4,2.7,7.8,3.8,-0.043,1.2,0.213,38.8,10.2,9.2,0
2023-11-09 00:00:00,Solukhumbu_Catchment,4.2,10.7,31.0,7.01,0.427,5.8,1.087,97.2,12.2,11.3,1
2023-11-09 06:00:00,Rolwaling_Valley,1.6,3.7,12.0,4.96,-0.12,1.8,0.428,31.0,21.0,19.7,0
2023-11-09 12:00:00,Rolwaling_Valley,11.8,24.5,95.6,4.66,0.567,2.9,0.234,64.9,8.6,7.0,1
2023-11-09 18:00:00,Lahaul_Spiti,1.3,2.8,10.2,6.15,0.597,3.3,0.739,87.5,4.7,3.7,1
2023-11-10 00:00:00,Teesta_Basin,0.9,2.3,6.2,8.11,0.439,6.2,1.418,66.2,14.4,13.9,1
2023-11-10 06:00:00,Lahaul_Spiti,9.0,19.7,67.9,13.31,0.819,35.6,3.291,149.8,5.0,4.0,2
2023-11-10 12:00:00,Lahaul_Spiti,10.5,26.7,73.9,6.37,0.327,6.5,1.371,83.4,10.3,9.2,1
2023-11-10 18:00:00,Kedarnath_Valley,2.7,5.5,12.8,1.72,-0.096,0.9,0.196,19.5,20.2,18.9,0
2023-11-11 00:00:00,Teesta_Basin,2.4,5.4,14.5,3.91,0.155,0.9,0.103,31.3,16.9,15.4,0
2023-11-11 06:00:00,Rolwaling_Valley,1.4,3.2,10.4,4.57,-0.016,1.8,0.286,41.5,11.8,10.2,0
2023-11-11 12:00:00,Teesta_Basin,1.7,4.7,18.4,5.42,0.479,6.0,1.27,69.4,6.7,5.8,1
2023-11-11 18:00:00,Kedarnath_Valley,2.1,5.2,17.5,5.24,0.13,1.6,0.175,36.7,21.6,19.6,0
2023-11-12 00:00:00,Kedarnath_Valley,19.6,53.5,224.2,10.07,0.714,27.3,2.845,247.2,7.1,6.3,2
2023-11-12 06:00:00,Solukhumbu_Catchment,9.4,21.6,86.0,6.8,0.554,6.6,0.39,107.1,6.9,6.3,1
2023-11-12 12:00:00,Lahaul_Spiti,1.9,4.6,12.5,3.96,-0.184,0.6,0.07,25.3,9.8,8.7,0
2023-11-12 18:00:00,Kedarnath_Valley,2.9,7.7,22.3,7.1,0.256,8.1,0.636,93.1,8.8,7.5,1
2023-11-13 00:00:00,Solukhumbu_Catchment,0.6,1.6,5.8,10.13,0.795,10.6,2.358,157.6,3.2,2.0,2
2023-11-13 06:00:00,Lahaul_Spiti,6.8,16.3,64.7,6.09,0.472,7.6,0.872,67.8,9.5,8.9,1
2023-11-13 12:00:00,Solukhumbu_Catchment,2.5,4.5,10.5,3.99,-0.04,1.1,0.252,30.3,16.4,15.8,0
2023-11-13 18:00:00,Teesta_Basin,15.7,37.3,131.2,7.02,0.534,3.1,0.48,99.0,14.5,12.9,1
2023-11-14 00:00:00,Kedarnath_Valley,0.3,0.6,1.5,3.43,0.147,1.0,0.162,31.5,14.5,13.7,0
2023-11-14 06:00:00,Kedarnath_Valley,1.9,5.1,17.7,4.45,0.698,8.1,0.535,64.7,9.4,8.0,1
2023-11-14 12:00:00,Rolwaling_Valley,7.6,18.9,54.9,3.7,-0.076,0.6,0.095,27.7,12.6,11.4,0
2023-11-14 18:00:00,Rolwaling_Valley,0.9,1.9,5.9,4.44,0.199,1.2,0.203,36.2,10.4,9.5,0
2023-11-15 00:00:00,Solukhumbu_Catchment,24.9,59.7,198.2,9.44,0.594,8.1,1.866,89.3,11.1,9.5,1
2023-11-15 06:00:00,Solukhumbu_Catchment,1.4,3.2,8.9,5.81,-0.043,0.9,0.072,36.0,10.2,8.2,0
2023-11-15 12:00:00,Solukhumbu_Catchment,7.5,16.4,59.8,6.64,0.597,3.4,0.54,66.2,11.9,10.6,1
2023-11-15 18:00:00,Lahaul_Spiti,3.8,8.7,27.5,7.54,0.28,5.7,0.949,87.5,10.0,8.8,1
2023-11-16 00:00:00,Rolwaling_Valley,1.5,3.3,8.5,5.86,0.678,6.2,1.336,61.4,8.7,7.1,1
2023-11-16 06:00:00,Rolwaling_Valley,4.2,9.0,29.8,6.95,0.502,8.5,1.715,77.1,10.1,8.5,1
2023-11-16 12:00:00,Rolwaling_Valley,7.5,16.2,43.5,6.54,0.424,4.6,0.256,67.2,11.7,10.5,1
2023-11-16 18:00:00,Kedarnath_Valley,6.9,16.1,53.2,2.89,-0.152,1.1,0.097,33.9,13.8,13.2,0
2023-11-17 00:00:00,Kedarnath_Valley,41.0,112.1,376.2,12.1,0.774,30.8,5.891,230.4,10.2,9.4,2
2023-11-17 06:00:00,Teesta_Basin,0.3,0.7,2.2,3.55,0.086,0.7,0.11,40.5,11.8,10.0,0
2023-11-17 12:00:00,Rolwaling_Valley,0.0,0.1,0.3,4.02,0.029,0.6,0.062,35.5,13.2,11.7,0
2023-11-17 18:00:00,Rolwaling_Valley,63.6,176.3,629.1,14.36,1.154,83.4,9.862,484.8,6.1,5.0,3
2023-11-18 00:00:00,Teesta_Basin,23.3,62.9,266.5,7.99,0.925,34.7,3.705,224.9,12.4,11.8,2
2023-11-18 06:00:00,Teesta_Basin,0.6,1.7,4.5,4.34,0.454,5.8,0.523,79.8,10.4,8.7,1
2023-11-18 12:00:00,Solukhumbu_Catchment,13.3,34.2,107.4,4.14,0.322,4.8,0.304,60.4,11.4,9.7,1
2023-11-18 18:00:00,Lahaul_Spiti,4.1,8.7,22.3,2.9,-0.026,0.9,0.165,23.6,7.3,6.1,0
2023-11-19 00:00:00,Lahaul_Spiti,1.3,3.5,13.5,6.38,0.454,5.3,0.353,54.6,9.7,9.1,1
2023-11-19 06:00:00,Solukhumbu_Catchment,19.3,46.0,157.7,6.36,0.275,2.5,0.414,77.8,10.0,8.6,1
2023-11-19 12:00:00,Solukhumbu_Catchment,13.6,32.4,95.3,7.13,0.456,7.9,0.653,51.3,10.6,9.1,1
2023-11-19 18:00:00,Teesta_Basin,9.6,27.7,86.9,11.34,0.671,7.6,1.617,177.4,5.7,4.5,2
2023-11-20 00:00:00,Solukhumbu_Catchment,0.3,0.6,1.5,3.97,0.24,1.0,0.08,50.3,6.0,4.7,0
2023-11-20 06:00:00,Solukhumbu_Catchment,22.4,60.4,190.7,7.71,0.374,5.7,1.354,89.6,11.9,10.5,1
2023-11-20 12:00:00,Kedarnath_Valley,1.4,3.1,10.4,3.51,0.232,1.4,0.124,41.7,16.4,15.4,0
2023-11-20 18:00:00,Teesta_Basin,3.2,6.6,18.3,4.09,-0.051,1.4,0.202,33.2,4.1,2.4,0
2023-11-21 00:00:00,Rolwaling_Valley,2.0,5.3,15.0,7.26,0.273,6.7,1.206,55.6,14.6,13.2,1
2023-11-21 06:00:00,Rolwaling_Valley,1.9,4.7,14.4,2.72,0.096,0.8,0.164,30.2,14.8,14.3,0
2023-11-21 12:00:00,Kedarnath_Valley,3.9,9.5,27.2,6.01,0.608,7.9,1.852,106.7,13.0,12.3,1
2023-11-21 18:00:00,Solukhumbu_Catchment,50.8,160.9,488.3,14.67,1.116,103.7,25.027,431.8,7.3,7.1,3
2023-11-22 00:00:00,Rolwaling_Valley,11.8,33.6,103.1,18.42,1.157,66.5,8.019,382.9,4.2,3.2,3
2023-11-22 06:00:00,Solukhumbu_Catchment,0.4,0.7,2.2,7.71,0.367,4.9,0.789,74.2,10.0,9.0,1
2023-11-22 12:00:00,Solukhumbu_Catchment,0.8,1.6,3.7,3.31,0.454,1.0,0.077,16.1,13.4,11.7,0
2023-11-22 18:00:00,Solukhumbu_Catchment,1.5,2.7,6.9,3.04,0.067,1.8,0.106,31.6,11.0,10.1,0
2023-11-23 00:00:00,Solukhumbu_Catchment,0.8,1.7,7.5,10.7,0.609,17.2,3.321,144.1,3.7,2.7,2
2023-11-23 06:00:00,Teesta_Basin,3.6,7.2,20.3,2.3,0.316,1.4,0.32,39.0,16.7,14.8,0
2023-11-23 12:00:00,Solukhumbu_Catchment,1.7,4.2,10.9,1.96,0.207,1.7,0.292,32.0,18.0,16.9,0
2023-11-23 18:00:00,Teesta_Basin,9.1,21.7,68.5,12.12,0.621,20.4,2.882,254.7,8.8,7.9,2
2023-11-24 00:00:00,Teesta_Basin,0.5,1.2,3.4,2.23,0.266,0.9,0.192,28.2,13.2,11.2,0
2023-11-24 06:00:00,Teesta_Basin,0.1,0.1,0.3,2.3,0.0,0.7,0.07,27.4,5.8,4.9,0
2023-11-24 12:00:00,Lahaul_Spiti,7.0,14.6,46.8,2.87,-0.033,1.3,0.067,31.0,14.2,12.4,0
2023-11-24 18:00:00,Solukhumbu_Catchment,9.2,17.1,47.8,3.72,-0.058,1.9,0.324,26.2,7.8,6.5,0
2023-11-25 00:00:00,Solukhumbu_Catchment,1.0,2.3,7.5,7.72,0.311,6.0,1.05,70.8,5.4,3.9,1
2023-11-25 06:00:00,Solukhumbu_Catchment,34.8,87.4,378.2,9.72,0.62,20.3,2.307,228.6,5.3,4.3,2
2023-11-25 12:00:00,Rolwaling_Valley,5.0,14.9,59.9,7.41,0.606,34.7,3.589,172.3,5.0,3.7,2
2023-11-25 18:00:00,Lahaul_Spiti,0.8,1.8,5.1,3.37,0.015,2.4,0.54,30.3,17.4,16.5,0
2023-11-26 00:00:00,Lahaul_Spiti,5.7,14.6,49.6,6.21,0.52,6.4,0.827,69.1,3.2,2.3,1
2023-11-26 06:00:00,Solukhumbu_Catchment,7.1,18.4,59.7,6.14,0.435,6.1,0.77,98.0,12.5,11.5,1
2023-11-26 12:00:00,Lahaul_Spiti,4.3,10.4,28.9,6.85,0.262,5.2,0.532,71.6,16.3,15.3,1
2023-11-26 18:00:00,Teesta_Basin,4.7,9.3,24.9,4.07,0.341,1.7,0.292,38.7,9.1,7.5,0
2023-11-27 00:00:00,Lahaul_Spiti,12.5,30.3,96.5,12.81,0.89,35.3,3.356,163.2,4.9,3.6,2
2023-11-27 06:00:00,Lahaul_Spiti,0.7,1.4,2.8,5.07,0.185,0.6,0.075,35.0,7.4,5.7,0
2023-11-27 12:00:00,Kedarnath_Valley,31.3,89.2,405.1,18.52,1.327,56.1,5.446,325.4,5.8,5.0,3
2023-11-27 18:00:00,Teesta_Basin,1.6,3.8,10.4,6.34,0.377,6.0,1.012,66.5,7.1,6.3,1
2023-11-28 00:00:00,Kedarnath_Valley,2.0,3.8,10.3,4.1,-0.101,1.6,0.15,20.3,16.0,15.1,0
2023-11-28 06:00:00,Teesta_Basin,12.6,25.8,76.6,3.14,0.143,0.7,0.105,12.9,13.5,12.6,0
2023-11-28 12:00:00,Kedarnath_Valley,1.6,3.5,9.2,3.16,0.335,1.2,0.285,29.7,8.6,6.7,0
2023-11-28 18:00:00,Kedarnath_Valley,11.6,27.4,85.6,6.91,0.531,8.1,1.289,64.7,2.5,1.0,1
2023-11-29 00:00:00,Solukhumbu_Catchment,11.8,36.7,115.0,14.9,0.9,71.8,3.865,307.2,3.2,2.5,3
2023-11-29 06:00:00,Lahaul_Spiti,16.9,57.1,230.9,21.16,1.043,71.6,12.035,371.2,3.2,2.7,3
2023-11-29 12:00:00,Teesta_Basin,6.1,12.2,32.7,4.23,0.067,1.3,0.191,23.6,13.8,12.5,0
2023-11-29 18:00:00,Rolwaling_Valley,21.2,56.9,211.6,4.42,0.215,8.7,1.348,76.2,11.1,9.8,1
2023-11-30 00:00:00,Rolwaling_Valley,8.5,19.7,55.4,2.92,0.454,1.1,0.189,45.8,14.1,12.2,0
2023-11-30 06:00:00,Kedarnath_Valley,32.0,93.6,402.8,9.1,0.77,26.8,3.855,133.9,13.7,12.8,2
2023-11-30 12:00:00,Rolwaling_Valley,3.5,7.7,26.2,6.27,0.277,0.8,0.124,78.5,10.3,9.6,1
2023-11-30 18:00:00,Teesta_Basin,19.7,50.0,149.0,11.33,0.649,34.3,3.44,179.3,11.5,10.0,2
2023-12-01 00:00:00,Rolwaling_Valley,5.9,14.5,40.8,3.63,0.138,1.8,0.424,44.9,13.0,12.3,0
2023-12-01 06:00:00,Lahaul_Spiti,0.2,0.5,1.1,4.3,0.109,0.7,0.16,32.2,6.0,4.2,0
2023-12-01 12:00:00,Lahaul_Spiti,0.9,2.2,5.2,4.11,0.156,2.2,0.189,41.1,6.6,5.9,0
2023-12-01 18:00:00,Rolwaling_Valley,26.8,61.7,226.0,12.92,0.716,19.5,2.822,218.8,6.8,6.3,2
2023-12-02 00:00:00,Lahaul_Spiti,0.2,0.5,1.7,4.82,0.478,8.8,1.882,74.4,15.2,14.4,1
2023-12-02 06:00:00,Lahaul_Spiti,10.4,25.3,87.4,4.9,0.483,0.2,0.025,53.3,11.1,9.9,1
2023-12-02 12:00:00,Kedarnath_Valley,8.6,18.1,52.5,6.33,0.547,3.9,0.305,69.7,11.3,10.3,1
2023-12-02 18:00:00,Kedarnath_Valley,7.5,14.0,47.2,2.73,-0.028,1.0,0.26,31.2,0.2,-1.8,0
2023-12-03 00:00:00,Solukhumbu_Catchment,0.1,0.1,0.4,6.13,0.317,1.5,0.289,51.9,14.3,13.6,0
2023-12-03 06:00:00,Lahaul_Spiti,1.9,3.8,9.6,4.96,0.085,1.5,0.129,29.9,12.4,11.1,0
2023-12-03 12:00:00,Teesta_Basin,2.8,5.2,16.6,3.92,0.095,1.1,0.077,25.5,11.3,9.8,0
2023-12-03 18:00:00,Solukhumbu_Catchment,0.5,1.1,3.2,3.81,-0.032,1.1,0.11,33.7,9.8,7.8,0
2023-12-04 00:00:00,Lahaul_Spiti,2.8,6.9,26.6,5.38,0.462,3.3,0.663,55.6,6.5,5.6,1
2023-12-04 06:00:00,Rolwaling_Valley,2.9,6.1,17.7,3.19,-0.15,1.3,0.173,20.8,11.7,10.2,0
2023-12-04 12:00:00,Rolwaling_Valley,1.3,3.9,17.3,13.47,0.607,29.4,4.667,146.9,8.8,7.6,2
2023-12-04 18:00:00,Lahaul_Spiti,0.4,0.8,2.4,4.24,0.091,0.3,0.051,42.9,8.3,7.6,0
2023-12-05 00:00:00,Rolwaling_Valley,75.7,178.0,775.5,11.46,0.729,34.5,5.961,178.6,11.6,10.8,2
2023-12-05 06:00:00,Lahaul_Spiti,0.6,1.7,7.6,14.19,0.983,91.0,4.869,416.4,4.3,3.7,3
2023-12-05 12:00:00,Lahaul_Spiti,16.7,48.1,151.0,12.42,0.729,28.6,2.389,162.1,5.2,3.7,2
2023-12-05 18:00:00,Rolwaling_Valley,35.6,98.0,284.1,6.31,0.369,8.2,0.873,64.2,5.7,4.3,1
2023-12-06 00:00:00,Kedarnath_Valley,26.3,75.1,244.6,7.56,0.845,17.5,1.837,178.3,5.6,4.6,2
2023-12-06 06:00:00,Kedarnath_Valley,4.4,11.2,31.9,8.88,0.248,4.8,0.293,67.3,2.4,1.6,1
2023-12-06 12:00:00,Kedarnath_Valley,10.9,27.1,114.8,12.43,0.618,28.4,7.085,173.3,2.0,0.8,2
2023-12-06 18:00:00,Lahaul_Spiti,0.5,1.1,2.4,3.44,-0.023,1.5,0.202,30.6,11.1,9.8,0
2023-12-07 00:00:00,Kedarnath_Valley,0.1,0.1,0.4,2.74,0.143,1.2,0.24,28.5,6.5,4.9,0
2023-12-07 06:00:00,Solukhumbu_Catchment,2.9,5.6,16.9,3.3,0.102,1.4,0.173,31.2,2.4,1.8,0
2023-12-07 12:00:00,Kedarnath_Valley,0.8,1.5,3.7,2.67,0.142,0.4,0.087,28.6,13.4,11.9,0
2023-12-07 18:00:00,Lahaul_Spiti,9.8,24.0,93.6,5.64,0.642,19.1,4.083,210.1,6.9,6.3,2
2023-12-08 00:00:00,Kedarnath_Valley,21.1,53.1,162.5,7.25,0.116,8.3,0.923,83.0,9.9,8.6,1
2023-12-08 06:00:00,Solukhumbu_Catchment,42.0,114.1,430.1,13.7,0.926,25.8,1.882,195.2,3.9,2.5,2
2023-12-08 12:00:00,Solukhumbu_Catchment,83.2,241.3,931.2,11.61,1.121,56.6,3.562,479.4,4.5,4.1,3
2023-12-08 18:00:00,Solukhumbu_Catchment,2.0,4.8,17.6,5.97,0.381,6.4,0.556,54.0,6.5,5.0,1
2023-12-09 00:00:00,Teesta_Basin,0.2,0.5,1.6,7.9,0.52,5.7,1.073,85.7,8.8,7.5,1
2023-12-09 06:00:00,Solukhumbu_Catchment,8.1,22.3,66.8,7.61,0.443,5.6,0.73,75.1,9.7,9.1,1
2023-12-09 12:00:00,Lahaul_Spiti,33.6,113.8,416.4,17.88,0.838,89.5,17.281,404.5,3.3,3.1,3
2023-12-09 18:00:00,Solukhumbu_Catchment,81.1,249.6,1086.0,16.04,1.269,84.9,11.177,394.0,7.7,7.3,3
2023-12-10 00:00:00,Rolwaling_Valley,27.1,71.6,307.7,10.9,0.884,30.1,2.338,216.8,9.7,8.7,2
2023-12-10 06:00:00,Rolwaling_Valley,16.4,37.4,158.1,11.89,0.537,26.2,2.03,209.3,7.8,6.7,2
2023-12-10 12:00:00,Kedarnath_Valley,26.2,76.6,322.7,14.02,0.512,29.1,1.783,201.2,3.8,2.3,2
2023-12-10 18:00:00,Lahaul_Spiti,8.2,15.6,41.0,4.64,0.152,1.2,0.153,15.4,11.0,9.3,0
2023-12-11 00:00:00,Rolwaling_Valley,34.3,86.8,425.7,13.92,0.94,79.1,4.615,426.2,-1.2,-1.6,3
2023-12-11 06:00:00,Kedarnath_Valley,34.7,81.7,233.2,11.47,0.724,25.5,5.659,108.8,11.1,10.3,2
2023-12-11 12:00:00,Lahaul_Spiti,0.7,1.4,4.7,4.96,0.153,1.7,0.17,33.8,1.9,0.5,0
2023-12-11 18:00:00,Solukhumbu_Catchment,0.4,0.9,2.4,4.19,0.383,1.1,0.121,24.6,14.9,13.4,0
2023-12-12 00:00:00,Lahaul_Spiti,7.8,14.6,30.4,4.2,-0.05,1.1,0.229,22.3,9.5,7.7,0
2023-12-12 06:00:00,Rolwaling_Valley,14.5,43.3,162.9,14.42,0.61,30.4,7.152,217.0,5.1,3.9,2
2023-12-12 12:00:00,Solukhumbu_Catchment,13.2,27.1,100.3,4.29,0.379,9.5,2.364,82.7,11.7,10.0,1
2023-12-12 18:00:00,Solukhumbu_Catchment,0.8,1.5,4.3,3.0,0.101,1.9,0.354,21.0,18.0,16.4,0
2023-12-13 00:00:00,Rolwaling_Valley,0.6,1.5,3.9,3.42,-0.134,0.7,0.109,20.1,17.4,16.6,0
2023-12-13 06:00:00,Kedarnath_Valley,1.2,2.6,5.5,3.04,-0.038,2.1,0.384,35.5,13.2,12.1,0
2023-12-13 12:00:00,Rolwaling_Valley,0.5,1.0,2.3,2.44,-0.115,1.0,0.062,21.4,17.7,16.0,0
2023-12-13 18:00:00,Rolwaling_Valley,2.7,5.5,11.2,4.21,-0.032,1.0,0.068,23.2,10.9,9.4,0
2023-12-14 00:00:00,Lahaul_Spiti,1.9,4.4,9.6,3.06,0.207,1.0,0.106,31.6,10.0,9.3,0
2023-12-14 06:00:00,Solukhumbu_Catchment,3.2,7.0,14.9,2.89,0.112,1.9,0.338,32.0,8.0,6.9,0
2023-12-14 12:00:00,Lahaul_Spiti,12.7,35.1,101.7,5.43,0.573,6.9,1.102,69.6,9.6,9.0,1
2023-12-14 18:00:00,Kedarnath_Valley,1.0,2.7,8.2,10.84,0.428,13.5,0.899,193.9,7.4,6.0,2
2023-12-15 00:00:00,Teesta_Basin,8.4,28.4,109.0,17.62,1.366,62.2,9.071,300.5,5.2,4.4,3
2023-12-15 06:00:00,Rolwaling_Valley,0.7,1.8,5.6,3.53,0.124,1.1,0.217,39.1,8.6,7.7,0
2023-12-15 12:00:00,Kedarnath_Valley,0.3,0.5,1.6,4.01,0.295,0.8,0.105,27.8,13.6,12.5,0
2023-12-15 18:00:00,Kedarnath_Valley,21.8,66.4,280.6,17.32,1.079,60.8,9.183,425.6,7.4,6.5,3
2023-12-16 00:00:00,Lahaul_Spiti,0.9,1.6,4.1,4.27,0.209,0.9,0.21,24.5,19.5,18.3,0
2023-12-16 06:00:00,Kedarnath_Valley,0.3,0.7,1.5,4.59,0.11,0.5,0.105,40.6,11.3,10.3,0
2023-12-16 12:00:00,Rolwaling_Valley,10.9,27.4,70.8,7.1,0.406,6.3,0.793,79.8,13.6,12.8,1
2023-12-16 18:00:00,Rolwaling_Valley,0.5,1.3,3.1,3.94,0.033,1.6,0.206,37.3,8.0,6.6,0
2023-12-17 00:00:00,Rolwaling_Valley,0.7,1.8,5.9,4.15,0.254,8.2,0.542,60.0,11.4,10.0,1
2023-12-17 06:00:00,Rolwaling_Valley,0.1,0.3,0.7,4.75,0.29,9.1,1.57,70.2,12.0,10.6,1
2023-12-17 12:00:00,Kedarnath_Valley,0.4,1.1,3.3,4.71,0.166,0.4,0.02,18.5,6.2,5.7,0
2023-12-17 18:00:00,Lahaul_Spiti,5.5,11.8,46.6,7.53,0.256,9.0,1.04,71.2,12.4,11.7,1
2023-12-18 00:00:00,Rolwaling_Valley,0.2,0.6,1.9,3.56,0.233,1.0,0.225,35.2,15.1,13.1,0
2023-12-18 06:00:00,Kedarnath_Valley,16.6,40.8,108.7,5.21,0.301,5.3,1.167,60.6,6.0,4.8,1
2023-12-18 12:00:00,Teesta_Basin,2.8,6.2,16.1,3.63,0.1,1.6,0.257,17.1,13.8,11.8,0
2023-12-18 18:00:00,Lahaul_Spiti,3.0,8.3,37.1,12.01,0.877,19.3,2.988,166.5,3.4,2.7,2
2023-12-19 00:00:00,Lahaul_Spiti,23.4,73.2,332.2,17.47,0.97,59.2,7.819,477.7,2.1,1.3,3
2023-12-19 06:00:00,Kedarnath_Valley,16.4,38.3,153.3,6.6,0.369,5.9,1.17,96.4,6.6,5.5,1
2023-12-19 12:00:00,Rolwaling_Valley,0.8,1.5,4.2,3.98,-0.248,1.2,0.226,35.0,10.8,9.3,0
2023-12-19 18:00:00,Lahaul_Spiti,6.7,17.6,70.4,9.96,0.735,30.1,1.786,169.9,7.6,6.4,2
2023-12-20 00:00:00,Solukhumbu_Catchment,3.4,8.4,26.7,0.9,0.007,2.3,0.175,31.7,8.3,6.8,0
2023-12-20 06:00:00,Kedarnath_Valley,54.9,143.8,614.7,9.24,1.009,15.4,1.624,121.1,10.8,10.3,2
2023-12-20 12:00:00,Rolwaling_Valley,12.1,25.2,94.3,5.17,0.489,5.8,1.057,58.0,6.5,5.0,1
2023-12-20 18:00:00,Rolwaling_Valley,1.1,2.5,7.0,2.82,0.01,1.3,0.267,29.9,9.5,8.7,0
2023-12-21 00:00:00,Teesta_Basin,1.2,2.6,8.6,3.95,0.058,0.2,0.049,32.2,8.9,8.2,0
2023-12-21 06:00:00,Solukhumbu_Catchment,6.2,16.1,42.6,7.42,0.497,4.1,0.774,62.0,10.2,9.3,1
2023-12-21 12:00:00,Teesta_Basin,13.5,34.8,102.4,6.24,0.349,5.4,1.169,71.3,11.6,10.4,1
2023-12-21 18:00:00,Lahaul_Spiti,12.0,34.4,125.0,15.61,0.503,24.6,4.625,229.4,7.1,6.5,2
2023-12-22 00:00:00,Solukhumbu_Catchment,64.1,198.5,977.2,18.21,1.08,88.2,13.731,455.1,5.0,4.6,3
2023-12-22 06:00:00,Solukhumbu_Catchment,1.8,4.7,17.8,7.23,0.499,7.5,0.798,47.6,9.0,7.6,1
2023-12-22 12:00:00,Solukhumbu_Catchment,9.6,20.0,53.3,7.72,0.296,7.3,1.041,83.4,7.6,6.9,1
2023-12-22 18:00:00,Rolwaling_Valley,6.2,14.5,54.9,7.02,0.274,6.3,0.772,104.8,6.4,5.0,1
2023-12-23 00:00:00,Lahaul_Spiti,34.1,80.8,302.1,6.35,0.432,5.0,0.789,90.8,8.4,7.0,1
2023-12-23 06:00:00,Lahaul_Spiti,1.8,4.1,12.9,3.17,0.092,1.8,0.148,24.0,16.8,16.0,0
2023-12-23 12:00:00,Teesta_Basin,7.9,17.0,56.6,4.46,0.113,1.2,0.154,32.6,16.0,14.8,0
2023-12-23 18:00:00,Rolwaling_Valley,9.3,24.5,106.6,10.55,0.67,26.0,1.933,187.9,12.7,11.7,2
2023-12-24 00:00:00,Lahaul_Spiti,2.5,5.6,19.0,5.62,0.121,5.2,1.176,64.3,12.1,10.7,1
2023-12-24 06:00:00,Teesta_Basin,4.7,11.2,38.3,2.89,0.239,0.9,0.062,21.3,11.3,9.5,0
2023-12-24 12:00:00,Teesta_Basin,27.3,76.3,240.2,7.11,0.51,6.6,1.618,61.0,11.2,9.9,1
2023-12-24 18:00:00,Solukhumbu_Catchment,3.2,8.1,21.0,7.53,0.539,4.8,0.594,63.5,11.0,9.5,1
2023-12-25 00:00:00,Kedarnath_Valley,17.0,38.5,124.8,11.87,0.701,25.9,6.24,174.2,6.7,6.1,2
2023-12-25 06:00:00,Solukhumbu_Catchment,2.9,6.6,21.5,3.32,0.18,1.4,0.212,35.4,13.3,11.5,0
2023-12-25 12:00:00,Rolwaling_Valley,0.2,0.3,1.0,7.97,0.453,3.6,0.823,88.2,7.2,5.7,1
2023-12-25 18:00:00,Kedarnath_Valley,4.9,12.8,35.0,8.34,0.322,5.7,0.352,58.3,5.0,3.8,1
2023-12-26 00:00:00,Teesta_Basin,4.3,10.9,28.7,5.81,0.663,4.6,0.54,69.1,9.8,8.2,1
2023-12-26 06:00:00,Teesta_Basin,2.7,6.4,22.4,8.53,0.81,20.6,3.786,154.6,14.8,13.9,2
2023-12-26 12:00:00,Lahaul_Spiti,25.5,60.8,153.2,6.43,0.479,4.0,0.607,72.9,3.3,2.2,1
2023-12-26 18:00:00,Solukhumbu_Catchment,4.0,9.2,25.8,3.98,0.073,0.7,0.048,33.6,8.3,7.1,0
2023-12-27 00:00:00,Solukhumbu_Catchment,6.8,13.8,47.2,6.74,0.4,5.1,0.972,94.5,7.6,6.6,1
2023-12-27 06:00:00,Solukhumbu_Catchment,46.9,137.3,597.3,12.65,0.6,26.9,4.064,192.4,6.7,6.2,2
2023-12-27 12:00:00,Teesta_Basin,1.9,3.6,10.3,4.6,-0.117,1.9,0.286,26.2,9.5,8.3,0
2023-12-27 18:00:00,Lahaul_Spiti,0.5,1.0,2.4,3.55,0.002,1.4,0.129,37.9,7.2,6.7,0
2023-12-28 00:00:00,Teesta_Basin,0.9,2.2,6.0,3.69,0.078,0.9,0.107,22.7,8.7,7.2,0
2023-12-28 06:00:00,Teesta_Basin,5.9,11.2,29.7,2.06,-0.073,1.8,0.418,40.5,11.1,10.6,0
2023-12-28 12:00:00,Solukhumbu_Catchment,47.0,118.1,441.5,12.54,0.584,28.3,1.832,199.2,10.4,9.1,2
2023-12-28 18:00:00,Kedarnath_Valley,2.0,4.5,14.6,8.59,0.718,18.6,4.269,230.6,4.0,3.4,2
2023-12-29 00:00:00,Lahaul_Spiti,3.3,8.0,21.5,3.5,-0.01,1.0,0.062,16.2,12.5,10.8,0
2023-12-29 06:00:00,Lahaul_Spiti,2.0,4.8,15.6,9.1,0.342,4.0,0.528,93.3,9.0,8.0,1
2023-12-29 12:00:00,Rolwaling_Valley,0.4,0.9,2.7,3.66,0.032,1.2,0.071,26.0,12.8,11.0,0
2023-12-29 18:00:00,Teesta_Basin,10.7,24.6,87.4,7.61,0.441,2.5,0.363,76.8,8.2,6.5,1
2023-12-30 00:00:00,Solukhumbu_Catchment,7.7,17.3,37.4,4.77,0.15,1.2,0.07,34.5,10.0,8.2,0
2023-12-30 06:00:00,Rolwaling_Valley,8.4,20.6,80.9,12.55,0.799,20.0,4.077,145.7,6.6,5.7,2
2023-12-30 12:00:00,Teesta_Basin,0.3,0.8,2.8,5.87,0.514,1.9,0.239,61.2,6.0,4.8,1
2023-12-30 18:00:00,Lahaul_Spiti,2.1,3.8,8.1,1.7,0.125,1.6,0.355,36.8,14.3,12.7,0
2023-12-31 00:00:00,Teesta_Basin,32.3,94.7,331.4,10.32,1.158,16.5,2.812,115.0,6.0,4.6,2
2023-12-31 06:00:00,Teesta_Basin,20.5,47.1,147.0,15.05,0.701,32.8,7.689,220.3,8.8,8.2,2
2023-12-31 12:00:00,Rolwaling_Valley,0.8,1.8,4.8,2.77,0.084,0.7,0.14,27.4,10.9,9.6,0
2023-12-31 18:00:00,Rolwaling_Valley,1.2,3.5,14.1,10.43,0.611,28.8,4.08,185.1,9.7,8.4,2
2024-01-01 00:00:00,Solukhumbu_Catchment,7.0,17.5,59.2,3.79,0.096,2.1,0.184,25.7,15.1,13.4,0
2024-01-01 06:00:00,Rolwaling_Valley,3.2,8.1,32.0,8.06,0.253,6.1,0.509,79.8,8.4,7.2,1
2024-01-01 12:00:00,Kedarnath_Valley,0.1,0.3,0.7,4.71,-0.114,1.0,0.223,34.7,11.6,10.7,0
2024-01-01 18:00:00,Lahaul_Spiti,2.1,4.5,10.2,3.52,0.252,0.8,0.091,25.9,8.8,8.0,0
2024-01-02 00:00:00,Kedarnath_Valley,0.2,0.4,1.5,9.76,0.587,2.2,0.283,78.1,11.5,9.7,1
2024-01-02 06:00:00,Rolwaling_Valley,6.6,13.3,27.5,3.87,0.213,0.9,0.174,43.6,17.4,16.0,0
2024-01-02 12:00:00,Lahaul_Spiti,0.6,1.6,3.8,2.52,0.007,0.9,0.124,28.3,10.7,9.8,0
2024-01-02 18:00:00,Solukhumbu_Catchment,6.4,12.3,27.9,4.45,0.179,0.6,0.127,22.2,4.5,3.4,0
2024-01-03 00:00:00,Teesta_Basin,2.2,5.9,25.1,8.86,0.624,21.5,2.852,242.5,7.0,6.2,2
2024-01-03 06:00:00,Solukhumbu_Catchment,1.1,2.2,7.2,4.8,0.103,1.4,0.13,43.4,16.8,15.5,0
2024-01-03 12:00:00,Lahaul_Spiti,1.4,4.1,15.5,10.21,0.637,25.5,4.535,165.5,8.3,7.6,2
2024-01-03 18:00:00,Lahaul_Spiti,1.0,1.9,6.2,3.34,0.079,0.8,0.197,30.7,15.4,13.9,0
2024-01-04 00:00:00,Lahaul_Spiti,9.1,19.0,42.6,3.34,-0.089,0.7,0.112,39.2,5.5,4.2,0
2024-01-04 06:00:00,Lahaul_Spiti,5.2,12.4,38.4,2.94,0.153,1.1,0.069,24.2,10.8,10.1,0
2024-01-04 12:00:00,Kedarnath_Valley,6.3,14.5,44.2,10.57,0.761,17.2,2.189,200.6,8.6,7.7,2
2024-01-04 18:00:00,Lahaul_Spiti,8.9,17.9,68.9,4.53,0.42,8.0,1.112,61.3,13.2,11.6,1
2024-01-05 00:00:00,Teesta_Basin,2.6,4.6,9.9,4.16,0.252,1.0,0.096,34.0,13.9,12.4,0
2024-01-05 06:00:00,Solukhumbu_Catchment,3.2,6.7,19.7,4.13,0.415,7.9,0.479,85.9,3.6,2.3,1
2024-01-05 12:00:00,Solukhumbu_Catchment,4.6,11.0,26.5,6.07,0.073,0.8,0.183,34.2,13.6,12.4,0
2024-01-05 18:00:00,Rolwaling_Valley,0.6,1.1,2.8,3.49,0.169,1.7,0.21,27.4,12.0,10.6,0
2024-01-06 00:00:00,Lahaul_Spiti,1.5,3.3,8.6,3.53,-0.181,1.6,0.105,25.1,8.8,7.7,0
2024-01-06 06:00:00,Solukhumbu_Catchment,10.2,28.1,108.3,11.77,0.752,25.7,5.868,173.6,10.5,9.3,2
2024-01-06 12:00:00,Teesta_Basin,0.2,0.4,0.9,2.82,-0.007,1.1,0.082,19.7,7.5,6.5,0
2024-01-06 18:00:00,Kedarnath_Valley,7.6,23.5,76.8,18.66,1.185,69.1,11.21,356.0,6.7,6.1,3
2024-01-07 00:00:00,Kedarnath_Valley,0.5,1.1,3.4,2.34,0.076,0.9,0.227,44.5,8.2,7.2,0
2024-01-07 06:00:00,Teesta_Basin,0.9,1.7,3.5,3.61,0.282,0.9,0.212,15.6,17.4,16.6,0
2024-01-07 12:00:00,Teesta_Basin,33.8,90.8,299.1,9.4,0.964,38.7,3.594,226.7,4.7,3.2,2
2024-01-07 18:00:00,Lahaul_Spiti,16.4,46.0,150.9,11.51,0.775,25.1,6.28,157.3,4.2,3.5,2
2024-01-08 00:00:00,Solukhumbu_Catchment,0.4,1.0,3.2,3.21,0.039,0.9,0.173,43.5,9.8,8.3,0
2024-01-08 06:00:00,Teesta_Basin,1.3,2.7,7.4,5.81,0.353,3.5,0.692,55.0,12.2,11.2,1
2024-01-08 12:00:00,Solukhumbu_Catchment,51.8,163.9,580.9,15.68,1.074,83.1,18.897,311.8,6.5,6.1,3
2024-01-08 18:00:00,Kedarnath_Valley,1.2,2.8,6.7,3.28,0.189,0.7,0.073,39.3,12.6,11.3,0
2024-01-09 00:00:00,Lahaul_Spiti,19.0,39.1,130.7,4.25,0.177,1.7,0.106,44.7,13.7,12.6,0
2024-01-09 06:00:00,Solukhumbu_Catchment,3.6,8.7,33.7,8.47,0.338,5.8,0.815,78.9,5.7,5.0,1
2024-01-09 12:00:00,Teesta_Basin,10.1,28.3,90.1,5.24,0.196,10.4,1.091,99.8,11.4,10.4,1
2024-01-09 18:00:00,Teesta_Basin,6.7,14.5,39.6,2.4,0.067,0.8,0.18,23.7,13.1,12.4,0
2024-01-10 00:00:00,Lahaul_Spiti,2.3,5.2,14.0,3.37,0.037,0.3,0.063,21.4,15.2,13.4,0
2024-01-10 06:00:00,Lahaul_Spiti,3.0,6.3,13.9,4.37,0.011,1.9,0.351,16.8,13.1,11.3,0
2024-01-10 12:00:00,Teesta_Basin,0.2,0.5,2.0,6.1,0.504,3.3,0.226,80.4,15.7,14.8,1
2024-01-10 18:00:00,Teesta_Basin,3.0,7.4,25.2,3.65,0.13,1.7,0.098,26.0,11.4,9.4,0
2024-01-11 00:00:00,Teesta_Basin,5.6,12.9,41.2,4.04,0.11,5.2,0.383,78.6,10.2,9.6,1
2024-01-11 06:00:00,Lahaul_Spiti,6.9,17.5,56.0,7.22,0.583,3.2,0.708,40.6,6.6,5.6,1
2024-01-11 12:00:00,Kedarnath_Valley,6.9,16.2,49.9,7.36,0.689,8.3,1.598,25.4,9.5,8.4,1
2024-01-11 18:00:00,Rolwaling_Valley,1.8,4.4,13.4,3.73,0.136,1.5,0.269,12.2,13.2,11.2,0
2024-01-12 00:00:00,Solukhumbu_Catchment,2.0,4.1,10.5,2.99,-0.229,1.1,0.197,43.5,18.7,17.7,0
2024-01-12 06:00:00,Teesta_Basin,0.2,0.4,1.0,2.81,0.008,0.4,0.078,29.6,16.9,16.2,0
2024-01-12 12:00:00,Solukhumbu_Catchment,2.9,5.8,11.8,1.88,-0.204,1.3,0.084,23.8,12.9,11.6,0
2024-01-12 18:00:00,Lahaul_Spiti,6.9,14.1,48.0,8.67,0.513,6.1,1.348,59.6,11.8,11.1,1
2024-01-13 00:00:00,Teesta_Basin,66.4,207.6,630.5,16.44,0.889,59.3,14.773,277.6,5.4,4.6,3
2024-01-13 06:00:00,Kedarnath_Valley,0.4,1.0,2.3,3.47,-0.162,1.6,0.232,20.8,17.4,16.9,0
2024-01-13 12:00:00,Solukhumbu_Catchment,26.9,68.4,255.7,8.91,0.47,5.2,0.596,62.2,6.5,5.6,1
2024-01-13 18:00:00,Solukhumbu_Catchment,2.9,6.9,17.5,3.53,0.029,0.8,0.077,17.4,17.9,17.1,0
2024-01-14 00:00:00,Lahaul_Spiti,4.8,8.6,28.1,2.8,0.198,0.4,0.097,16.0,12.9,11.0,0
2024-01-14 06:00:00,Solukhumbu_Catchment,3.1,6.9,29.3,12.83,0.421,31.1,5.417,215.1,2.6,1.3,2
2024-01-14 12:00:00,Kedarnath_Valley,0.2,0.5,1.5,3.31,0.106,1.1,0.17,29.1,2.8,1.2,0
2024-01-14 18:00:00,Lahaul_Spiti,0.1,0.3,0.7,2.56,0.118,1.4,0.126,27.8,14.0,12.2,0
2024-01-15 00:00:00,Solukhumbu_Catchment,13.4,35.5,140.1,7.34,0.24,3.0,0.258,57.5,10.1,9.1,1
2024-01-15 06:00:00,Kedarnath_Valley,4.0,11.2,35.7,15.1,1.158,70.3,5.969,351.8,-3.2,-3.5,3
2024-01-15 12:00:00,Rolwaling_Valley,5.2,12.6,28.4,4.78,-0.004,0.4,0.077,28.1,15.7,13.9,0
2024-01-15 18:00:00,Lahaul_Spiti,1.8,3.8,12.8,5.77,0.04,5.0,0.412,91.8,14.1,13.2,1
2024-01-16 00:00:00,Teesta_Basin,1.4,3.8,14.0,7.25,0.41,6.1,0.936,98.6,14.6,13.0,1
2024-01-16 06:00:00,Lahaul_Spiti,0.9,1.8,6.0,1.38,-0.1,1.2,0.209,33.7,6.4,4.6,0
2024-01-16 12:00:00,Lahaul_Spiti,15.8,45.4,152.3,10.38,0.724,23.5,4.877,213.8,6.6,5.7,2
2024-01-16 18:00:00,Rolwaling_Valley,4.2,12.6,60.6,18.79,0.827,105.2,20.617,410.4,2.7,2.3,3
2024-01-17 00:00:00,Lahaul_Spiti,25.4,68.7,280.7,10.49,0.588,23.5,1.505,234.4,7.3,6.5,2
2024-01-17 06:00:00,Solukhumbu_Catchment,10.7,23.8,56.3,4.79,-0.123,1.3,0.246,33.6,7.2,6.2,0
2024-01-17 12:00:00,Solukhumbu_Catchment,3.3,7.1,17.4,3.12,0.103,1.2,0.231,26.5,9.7,8.4,0
2024-01-17 18:00:00,Kedarnath_Valley,3.3,9.1,24.2,5.88,0.403,4.6,0.466,75.1,13.6,12.7,1
2024-01-18 00:00:00,Teesta_Basin,33.8,73.7,200.2,6.99,0.296,9.0,1.478,98.5,8.6,6.9,1
2024-01-18 06:00:00,Solukhumbu_Catchment,2.5,4.8,13.5,5.02,0.101,1.8,0.2,22.4,15.2,14.6,0
2024-01-18 12:00:00,Lahaul_Spiti,11.9,28.7,82.1,6.14,0.408,3.6,0.334,68.7,14.1,12.6,1
2024-01-18 18:00:00,Kedarnath_Valley,13.7,35.3,109.8,5.48,0.682,9.8,1.653,74.9,13.3,12.3,1
2024-01-19 00:00:00,Rolwaling_Valley,54.0,151.8,573.6,10.84,0.802,43.2,10.627,237.2,9.8,8.5,2
2024-01-19 06:00:00,Solukhumbu_Catchment,0.8,1.9,6.6,5.81,0.566,5.1,0.964,44.9,16.3,15.6,1
2024-01-19 12:00:00,Kedarnath_Valley,23.6,57.0,226.1,5.98,0.545,6.9,1.73,72.7,3.7,2.0,1
2024-01-19 18:00:00,Lahaul_Spiti,9.2,25.2,71.6,6.8,0.397,8.1,0.498,94.9,13.1,12.5,1
2024-01-20 00:00:00,Lahaul_Spiti,109.2,369.7,1317.3,16.41,1.186,77.7,12.511,456.4,6.5,5.7,3
2024-01-20 06:00:00,Solukhumbu_Catchment,112.2,253.4,729.0,6.2,0.593,34.5,7.733,174.8,6.0,5.3,2
2024-01-20 12:00:00,Rolwaling_Valley,19.6,44.1,145.3,4.11,0.482,3.0,0.468,70.7,12.5,11.8,1
2024-01-20 18:00:00,Solukhumbu_Catchment,16.4,39.8,105.8,7.41,0.309,3.7,0.294,97.1,9.5,8.4,1
2024-01-21 00:00:00,Teesta_Basin,0.9,2.1,6.7,7.05,0.291,5.4,0.463,110.5,12.2,11.1,1
2024-01-21 06:00:00,Teesta_Basin,10.6,22.7,85.0,7.61,0.224,5.6,1.21,87.9,8.8,7.9,1
2024-01-21 12:00:00,Kedarnath_Valley,69.4,196.0,750.4,9.98,0.514,31.7,6.702,211.9,5.0,4.3,2
2024-01-21 18:00:00,Kedarnath_Valley,10.1,25.9,99.5,11.3,1.162,34.2,7.621,165.4,7.9,6.5,2
2024-01-22 00:00:00,Rolwaling_Valley,19.0,43.1,137.6,12.79,0.602,27.4,3.774,118.9,9.7,8.4,2
2024-01-22 06:00:00,Rolwaling_Valley,5.6,10.1,23.7,3.88,0.161,0.8,0.073,20.2,13.0,12.2,0
2024-01-22 12:00:00,Rolwaling_Valley,42.0,109.9,478.1,9.99,0.823,12.6,1.985,197.0,8.8,8.0,2
2024-01-22 18:00:00,Kedarnath_Valley,13.3,31.6,105.7,2.86,0.402,1.2,0.169,26.5,10.6,8.6,0
2024-01-23 00:00:00,Lahaul_Spiti,3.4,10.3,39.4,8.7,0.874,18.4,1.823,204.6,10.0,9.0,2
2024-01-23 06:00:00,Lahaul_Spiti,4.0,9.3,35.8,6.21,0.581,3.3,0.166,61.0,12.6,11.5,1
2024-01-23 12:00:00,Kedarnath_Valley,1.6,4.7,17.8,11.11,0.48,21.0,2.519,163.8,1.8,1.0,2
2024-01-23 18:00:00,Teesta_Basin,5.5,12.1,48.1,6.8,0.222,8.6,0.658,72.7,6.8,5.0,1
2024-01-24 00:00:00,Kedarnath_Valley,24.2,79.7,308.9,16.15,1.413,75.1,16.609,319.9,3.3,2.7,3
2024-01-24 06:00:00,Solukhumbu_Catchment,0.4,0.9,2.6,8.24,0.463,4.5,0.739,71.0,12.9,12.0,1
2024-01-24 12:00:00,Teesta_Basin,0.4,0.8,2.6,4.04,-0.072,1.0,0.236,29.4,10.0,8.5,0
2024-01-24 18:00:00,Lahaul_Spiti,10.8,24.4,85.0,8.04,0.258,5.4,1.124,62.5,12.5,11.5,1
2024-01-25 00:00:00,Lahaul_Spiti,2.4,5.0,14.8,3.7,0.217,1.2,0.082,34.8,9.3,7.5,0
2024-01-25 06:00:00,Rolwaling_Valley,9.4,21.0,78.9,6.38,0.278,6.7,1.231,91.2,8.2,7.3,1
2024-01-25 12:00:00,Teesta_Basin,0.2,0.6,1.1,2.8,0.016,0.8,0.092,32.2,13.6,12.7,0
2024-01-25 18:00:00,Kedarnath_Valley,1.3,2.5,8.6,4.69,-0.031,0.7,0.096,30.6,10.6,8.8,0
2024-01-26 00:00:00,Rolwaling_Valley,5.6,11.1,35.4,3.98,0.013,1.0,0.071,37.0,19.2,18.2,0
2024-01-26 06:00:00,Rolwaling_Valley,7.9,18.8,61.1,4.66,0.099,1.4,0.195,32.2,10.3,8.8,0
2024-01-26 12:00:00,Kedarnath_Valley,2.9,5.9,19.5,6.27,0.511,4.6,0.911,87.5,11.0,9.9,1
2024-01-26 18:00:00,Rolwaling_Valley,4.4,8.3,26.3,3.2,0.074,0.3,0.066,29.8,11.2,9.3,0
2024-01-27 00:00:00,Kedarnath_Valley,5.5,13.9,36.4,7.08,0.317,3.0,0.725,54.6,8.9,8.0,1
2024-01-27 06:00:00,Teesta_Basin,0.1,0.2,0.6,3.64,0.301,1.8,0.442,32.6,8.6,7.1,0
2024-01-27 12:00:00,Solukhumbu_Catchment,0.4,0.8,1.7,3.11,0.122,1.9,0.313,24.8,13.2,11.9,0
2024-01-27 18:00:00,Teesta_Basin,2.5,4.5,13.2,4.52,0.45,0.7,0.04,32.0,19.3,17.8,0
2024-01-28 00:00:00,Lahaul_Spiti,4.1,8.9,28.4,8.68,0.219,6.0,1.323,67.2,11.8,10.2,1
2024-01-28 06:00:00,Kedarnath_Valley,1.8,4.8,15.4,4.71,0.437,7.2,0.693,65.0,11.7,10.6,1
2024-01-28 12:00:00,Lahaul_Spiti,1.4,2.9,9.8,4.75,-0.092,0.8,0.085,33.7,16.2,14.7,0
2024-01-28 18:00:00,Lahaul_Spiti,0.3,0.6,1.4,3.3,-0.056,1.8,0.214,33.2,11.2,9.3,0
2024-01-29 00:00:00,Solukhumbu_Catchment,0.9,1.9,5.2,3.64,0.269,0.0,0.0,23.5,15.9,14.1,0
2024-01-29 06:00:00,Teesta_Basin,14.6,38.3,122.0,5.94,0.524,8.5,0.753,69.9,12.6,10.8,1
2024-01-29 12:00:00,Rolwaling_Valley,2.2,5.0,10.6,3.6,-0.107,0.5,0.093,30.5,13.4,11.7,0
2024-01-29 18:00:00,Solukhumbu_Catchment,0.8,1.7,4.7,3.87,-0.004,0.9,0.156,18.2,20.2,18.3,0
2024-01-30 00:00:00,Lahaul_Spiti,29.4,78.8,313.1,7.61,0.182,5.0,0.908,45.2,11.6,10.2,1
2024-01-30 06:00:00,Kedarnath_Valley,4.7,8.8,25.4,2.85,-0.112,1.0,0.088,22.2,11.2,9.3,0
2024-01-30 12:00:00,Lahaul_Spiti,1.1,2.3,6.2,2.13,-0.114,1.5,0.238,34.9,12.2,11.0,0
2024-01-30 18:00:00,Teesta_Basin,31.6,94.0,366.6,21.87,0.793,87.8,5.037,380.2,5.0,4.4,3
2024-01-31 00:00:00,Rolwaling_Valley,1.5,3.3,11.0,3.72,0.202,1.7,0.258,22.3,9.7,8.4,0
2024-01-31 06:00:00,Lahaul_Spiti,1.0,2.0,6.5,2.8,-0.254,1.0,0.075,29.0,9.1,8.0,0
2024-01-31 12:00:00,Teesta_Basin,5.5,18.5,92.1,17.68,1.368,96.9,23.017,397.2,1.9,1.3,3
2024-01-31 18:00:00,Rolwaling_Valley,3.5,6.6,18.3,3.19,0.152,1.5,0.088,24.6,9.3,7.5,0
2024-02-01 00:00:00,Lahaul_Spiti,0.3,0.9,2.6,2.53,-0.094,1.4,0.262,29.1,20.1,18.8,0
2024-02-01 06:00:00,Rolwaling_Valley,1.3,3.0,6.5,3.24,-0.082,0.0,0.0,20.0,6.2,4.4,0
2024-02-01 12:00:00,Lahaul_Spiti,2.9,5.8,20.1,2.33,0.065,1.1,0.278,30.3,16.5,15.6,0
2024-02-01 18:00:00,Teesta_Basin,1.2,2.4,6.6,4.32,0.137,1.6,0.294,33.6,7.5,5.6,0
2024-02-02 00:00:00,Kedarnath_Valley,42.5,107.9,533.1,16.94,1.146,44.9,6.426,328.6,1.9,0.8,3
2024-02-02 06:00:00,Kedarnath_Valley,75.4,204.8,809.5,6.26,0.607,34.4,3.379,154.0,6.8,5.4,2
2024-02-02 12:00:00,Kedarnath_Valley,0.1,0.3,1.2,7.41,0.552,9.8,1.991,77.3,7.9,7.0,1
2024-02-02 18:00:00,Solukhumbu_Catchment,12.8,36.7,144.7,8.07,0.629,26.8,1.908,173.8,4.6,3.3,2
2024-02-03 00:00:00,Lahaul_Spiti,54.2,145.9,503.6,12.3,0.724,25.6,3.874,213.3,5.0,3.8,2
2024-02-03 06:00:00,Teesta_Basin,3.5,8.1,22.9,2.45,0.166,2.4,0.566,29.4,7.8,6.9,0
2024-02-03 12:00:00,Solukhumbu_Catchment,7.4,16.7,46.0,2.0,0.102,1.0,0.084,33.4,12.6,10.9,0
2024-02-03 18:00:00,Lahaul_Spiti,4.2,9.9,29.8,3.78,0.19,1.8,0.152,34.0,8.4,6.4,0
2024-02-04 00:00:00,Kedarnath_Valley,10.7,22.7,70.2,6.98,0.329,6.8,1.672,56.5,12.5,11.8,1
2024-02-04 06:00:00,Rolwaling_Valley,16.5,44.5,162.9,10.5,0.718,35.0,4.351,146.9,8.1,7.3,2
2024-02-04 12:00:00,Lahaul_Spiti,3.8,8.5,21.4,8.58,0.581,7.0,1.23,64.6,9.6,9.1,1
2024-02-04 18:00:00,Teesta_Basin,17.3,39.1,124.2,5.42,0.343,3.6,0.758,72.7,14.4,13.3,1
2024-02-05 00:00:00,Rolwaling_Valley,7.4,20.8,83.2,10.06,0.408,17.2,1.911,208.5,7.6,7.0,2
2024-02-05 06:00:00,Solukhumbu_Catchment,3.7,8.1,19.0,1.48,0.105,1.1,0.188,33.7,13.3,12.2,0
2024-02-05 12:00:00,Solukhumbu_Catchment,3.2,6.1,21.3,4.21,0.182,0.6,0.031,24.7,16.7,15.4,0
2024-02-05 18:00:00,Teesta_Basin,35.0,103.7,294.6,11.65,0.78,20.2,2.891,228.3,2.5,1.5,2
2024-02-06 00:00:00,Solukhumbu_Catchment,92.5,255.9,721.7,7.57,0.813,40.1,4.231,167.2,6.4,5.2,2
2024-02-06 06:00:00,Lahaul_Spiti,0.4,0.9,2.5,6.4,0.427,5.2,1.214,66.3,8.5,7.4,1
2024-02-06 12:00:00,Solukhumbu_Catchment,1.0,3.5,14.3,12.81,0.935,87.7,4.937,358.1,4.8,4.5,3
2024-02-06 18:00:00,Solukhumbu_Catchment,25.4,69.8,202.4,11.49,0.498,24.7,1.904,155.7,12.2,11.6,2
2024-02-07 00:00:00,Kedarnath_Valley,2.4,4.8,19.3,4.72,0.314,7.0,1.209,88.5,12.8,11.6,1
2024-02-07 06:00:00,Kedarnath_Valley,18.7,42.6,157.1,5.49,0.275,7.0,0.37,81.8,12.1,10.3,1
2024-02-07 12:00:00,Rolwaling_Valley,4.9,9.3,30.9,3.31,0.056,0.2,0.024,27.5,16.5,15.7,0
2024-02-07 18:00:00,Kedarnath_Valley,3.0,5.5,11.2,2.39,0.004,0.2,0.008,29.8,17.2,15.7,0
2024-02-08 00:00:00,Lahaul_Spiti,17.7,52.2,179.3,16.9,1.193,69.4,11.441,403.0,1.6,0.5,3
2024-02-08 06:00:00,Kedarnath_Valley,1.1,2.6,7.2,3.6,0.149,1.5,0.238,28.9,13.4,11.8,0
2024-02-08 12:00:00,Kedarnath_Valley,1.1,2.6,6.5,2.81,0.44,1.0,0.202,27.5,12.0,11.0,0
2024-02-08 18:00:00,Kedarnath_Valley,0.5,1.5,6.2,8.74,0.811,21.5,4.075,188.3,2.9,2.3,2
2024-02-09 00:00:00,Teesta_Basin,5.0,11.1,24.0,3.44,-0.008,1.0,0.201,43.4,14.7,13.2,0
2024-02-09 06:00:00,Teesta_Basin,4.5,12.4,41.2,12.46,0.744,16.4,3.724,189.9,6.8,5.5,2
2024-02-09 12:00:00,Solukhumbu_Catchment,0.0,0.1,0.2,2.83,-0.013,0.4,0.082,27.1,16.5,14.6,0
2024-02-09 18:00:00,Teesta_Basin,0.3,0.6,1.4,3.19,0.051,0.4,0.048,32.0,13.6,13.0,0
2024-02-10 00:00:00,Rolwaling_Valley,8.7,18.3,64.8,6.59,0.269,10.5,1.263,81.3,8.2,6.8,1
2024-02-10 06:00:00,Teesta_Basin,0.7,1.4,3.3,3.58,0.282,2.3,0.252,39.1,15.1,13.3,0
2024-02-10 12:00:00,Teesta_Basin,2.1,5.6,16.2,5.52,0.173,5.6,0.737,58.6,6.3,5.4,1
2024-02-10 18:00:00,Solukhumbu_Catchment,0.1,0.3,0.6,1.93,0.068,1.4,0.322,25.7,10.7,9.0,0
2024-02-11 00:00:00,Lahaul_Spiti,14.3,32.4,87.7,8.18,0.448,7.2,1.373,65.7,8.5,7.6,1
2024-02-11 06:00:00,Kedarnath_Valley,13.0,30.9,98.7,10.81,1.068,32.3,6.048,180.9,7.0,5.9,2
2024-02-11 12:00:00,Lahaul_Spiti,1.3,2.7,9.0,2.68,0.195,0.8,0.097,25.0,16.4,14.8,0
2024-02-11 18:00:00,Rolwaling_Valley,1.6,3.5,10.1,6.7,0.38,8.6,0.981,105.1,10.1,8.9,1
2024-02-12 00:00:00,Rolwaling_Valley,2.3,5.4,11.3,4.71,0.355,1.3,0.123,20.4,16.1,15.5,0
2024-02-12 06:00:00,Solukhumbu_Catchment,21.7,62.8,252.6,12.64,0.5,27.0,3.915,167.6,8.7,8.2,2
2024-02-12 12:00:00,Lahaul_Spiti,0.1,0.4,1.4,6.89,0.331,6.7,1.036,80.8,6.9,5.7,1
2024-02-12 18:00:00,Kedarnath_Valley,100.3,263.8,955.2,17.15,0.871,85.7,17.298,385.1,5.1,4.1,3
2024-02-13 00:00:00,Rolwaling_Valley,0.8,1.6,3.3,3.22,0.101,1.0,0.072,24.8,13.8,13.0,0
2024-02-13 06:00:00,Kedarnath_Valley,9.8,23.8,88.5,10.42,0.897,7.2,1.039,170.8,5.2,4.5,2
2024-02-13 12:00:00,Solukhumbu_Catchment,2.6,6.1,20.3,6.67,0.316,6.4,1.228,76.9,3.1,2.4,1
2024-02-13 18:00:00,Lahaul_Spiti,7.7,15.5,51.5,3.21,0.049,0.8,0.07,30.1,16.8,15.9,0
2024-02-14 00:00:00,Kedarnath_Valley,2.4,5.2,12.9,3.08,-0.157,2.0,0.136,32.4,12.4,11.5,0
2024-02-14 06:00:00,Lahaul_Spiti,1.4,3.8,11.3,10.53,0.852,26.3,6.327,201.4,10.3,9.1,2
2024-02-14 12:00:00,Rolwaling_Valley,0.9,1.8,5.9,4.26,0.048,1.1,0.16,29.6,10.8,9.3,0
2024-02-14 18:00:00,Solukhumbu_Catchment,0.6,1.6,4.5,5.29,0.15,3.7,0.33,96.5,13.9,12.8,1
2024-02-15 00:00:00,Rolwaling_Valley,10.5,33.0,139.7,14.61,1.104,80.5,11.925,436.6,9.4,8.4,3
2024-02-15 06:00:00,Lahaul_Spiti,8.8,24.6,83.0,7.78,0.189,6.1,1.361,41.5,11.3,9.8,1
2024-02-15 12:00:00,Lahaul_Spiti,11.6,33.3,136.7,11.19,0.607,8.2,0.901,154.8,9.6,8.1,2
2024-02-15 18:00:00,Rolwaling_Valley,0.7,1.5,5.1,4.07,0.073,1.9,0.33,42.6,10.2,8.2,0
2024-02-16 00:00:00,Kedarnath_Valley,20.5,44.6,164.3,7.34,0.465,7.4,0.518,72.7,13.5,12.7,1
2024-02-16 06:00:00,Lahaul_Spiti,20.5,50.0,156.6,7.92,0.447,3.4,0.417,88.9,15.6,14.2,1
2024-02-16 12:00:00,Rolwaling_Valley,1.5,3.5,11.7,3.47,0.101,1.8,0.207,25.4,15.8,15.2,0
2024-02-16 18:00:00,Solukhumbu_Catchment,0.3,0.6,1.9,3.83,0.204,1.2,0.257,27.2,19.7,18.9,0
2024-02-17 00:00:00,Teesta_Basin,2.6,5.9,17.4,4.43,0.116,1.4,0.126,17.7,19.4,17.5,0
2024-02-17 06:00:00,Rolwaling_Valley,4.2,11.2,42.8,8.72,0.35,17.3,2.89,124.3,3.7,2.6,2
2024-02-17 12:00:00,Solukhumbu_Catchment,10.5,24.3,99.9,10.96,0.59,18.0,2.198,157.1,8.4,7.9,2
2024-02-17 18:00:00,Rolwaling_Valley,24.6,54.4,155.0,7.29,0.325,7.4,1.606,60.9,9.1,7.9,1
2024-02-18 00:00:00,Teesta_Basin,1.2,3.2,8.8,6.61,0.325,2.3,0.311,81.7,6.8,5.0,1
2024-02-18 06:00:00,Lahaul_Spiti,0.5,1.1,3.7,13.07,0.616,36.0,7.986,157.5,7.7,7.1,2
2024-02-18 12:00:00,Lahaul_Spiti,0.1,0.2,0.5,1.21,0.035,0.7,0.14,24.6,18.2,16.2,0
2024-02-18 18:00:00,Solukhumbu_Catchment,1.9,5.0,15.6,6.65,0.413,2.0,0.389,82.9,16.7,15.0,1
2024-02-19 00:00:00,Rolwaling_Valley,18.1,57.2,197.9,17.73,1.262,74.4,8.079,248.8,9.5,9.2,3
2024-02-19 06:00:00,Kedarnath_Valley,1.0,2.2,7.8,1.77,0.193,1.9,0.161,36.0,4.6,3.1,0
2024-02-19 12:00:00,Kedarnath_Valley,11.0,29.4,131.1,11.87,0.677,24.0,3.568,200.3,-0.2,-1.6,2
2024-02-19 18:00:00,Lahaul_Spiti,0.5,1.7,8.2,19.97,1.115,66.2,8.007,505.3,0.6,0.4,3
2024-02-20 00:00:00,Solukhumbu_Catchment,2.3,5.4,13.2,4.1,0.093,0.7,0.089,32.8,11.2,9.5,0
2024-02-20 06:00:00,Teesta_Basin,0.9,1.7,5.6,3.17,0.227,2.1,0.451,40.2,9.1,7.6,0
2024-02-20 12:00:00,Solukhumbu_Catchment,2.8,6.2,13.2,3.18,-0.032,0.9,0.103,28.9,11.8,10.4,0
2024-02-20 18:00:00,Lahaul_Spiti,2.8,6.4,18.9,6.28,0.648,8.4,1.245,86.8,7.6,6.6,1
2024-02-21 00:00:00,Rolwaling_Valley,13.6,37.3,108.1,7.3,0.519,22.5,4.46,198.2,8.2,7.2,2
2024-02-21 06:00:00,Lahaul_Spiti,0.4,0.8,2.3,4.21,0.054,1.3,0.312,44.3,15.2,13.9,0
2024-02-21 12:00:00,Rolwaling_Valley,1.9,3.5,9.6,2.43,0.206,1.1,0.276,43.1,15.3,14.7,0
2024-02-21 18:00:00,Teesta_Basin,0.4,0.9,3.7,7.28,0.354,12.7,0.723,70.4,6.1,5.0,1
2024-02-22 00:00:00,Teesta_Basin,1.9,5.0,15.7,17.51,1.169,93.0,12.942,360.6,4.4,3.6,3
2024-02-22 06:00:00,Kedarnath_Valley,12.5,38.0,184.9,15.59,1.166,63.6,8.151,344.2,0.2,-0.4,3
2024-02-22 12:00:00,Solukhumbu_Catchment,0.5,1.2,3.1,3.74,-0.097,1.3,0.077,27.0,18.4,17.8,0
2024-02-22 18:00:00,Rolwaling_Valley,20.2,69.1,273.2,19.07,1.189,64.0,9.536,346.6,3.4,3.0,3
2024-02-23 00:00:00,Solukhumbu_Catchment,1.4,2.6,5.7,2.57,0.021,0.9,0.055,37.3,7.2,6.2,0
2024-02-23 06:00:00,Lahaul_Spiti,1.9,5.1,18.1,7.31,0.286,6.3,1.116,87.6,9.6,8.8,1
2024-02-23 12:00:00,Lahaul_Spiti,12.5,38.9,192.1,20.15,1.224,70.4,6.338,397.2,5.4,4.2,3
2024-02-23 18:00:00,Lahaul_Spiti,7.9,16.8,47.9,3.74,-0.204,1.8,0.266,28.4,12.4,10.8,0
2024-02-24 00:00:00,Lahaul_Spiti,1.3,2.5,6.8,4.31,0.175,1.8,0.229,19.5,4.8,3.3,0
2024-02-24 06:00:00,Solukhumbu_Catchment,8.6,18.2,50.0,4.08,0.133,1.5,0.172,33.7,11.8,10.5,0
2024-02-24 12:00:00,Solukhumbu_Catchment,5.8,16.0,46.4,6.37,0.331,5.2,1.096,95.6,10.9,9.4,1
2024-02-24 18:00:00,Teesta_Basin,4.8,11.9,24.7,1.38,0.179,2.5,0.604,45.0,18.8,16.8,0
2024-02-25 00:00:00,Teesta_Basin,10.1,25.9,81.6,6.05,0.372,3.8,0.315,99.0,11.8,10.4,1
2024-02-25 06:00:00,Lahaul_Spiti,3.0,6.9,19.3,6.26,0.665,7.5,1.277,63.5,9.0,7.9,1
2024-02-25 12:00:00,Kedarnath_Valley,12.7,28.1,103.6,3.84,0.517,4.5,0.407,85.7,6.8,5.2,1
2024-02-25 18:00:00,Kedarnath_Valley,0.9,2.4,8.3,5.99,0.373,5.7,0.467,66.0,7.3,6.3,1
2024-02-26 00:00:00,Lahaul_Spiti,4.7,9.8,23.6,3.49,0.287,1.6,0.283,8.8,13.5,11.7,0
2024-02-26 06:00:00,Lahaul_Spiti,12.2,31.2,95.6,14.34,0.686,27.7,4.767,126.6,9.5,8.1,2
2024-02-26 12:00:00,Rolwaling_Valley,7.9,19.5,65.3,4.0,0.03,1.1,0.107,40.9,11.0,10.0,0
2024-02-26 18:00:00,Solukhumbu_Catchment,0.4,1.0,2.3,3.57,-0.104,0.4,0.047,26.5,6.6,4.8,0
2024-02-27 00:00:00,Lahaul_Spiti,17.7,49.2,148.9,6.52,0.605,7.7,1.083,62.6,8.5,7.6,1
2024-02-27 06:00:00,Solukhumbu_Catchment,6.7,17.1,52.8,7.11,0.238,7.1,0.639,99.8,9.9,8.7,1
2024-02-27 12:00:00,Kedarnath_Valley,4.9,8.9,20.4,4.19,0.029,1.2,0.097,36.7,22.7,21.4,0
2024-02-27 18:00:00,Teesta_Basin,1.3,3.1,9.4,5.0,0.108,1.3,0.084,31.6,11.0,9.1,0
2024-02-28 00:00:00,Teesta_Basin,1.5,3.2,8.5,2.28,0.014,0.4,0.067,24.3,9.3,7.5,0
2024-02-28 06:00:00,Rolwaling_Valley,3.3,8.0,26.4,6.57,0.37,5.7,1.128,65.4,4.1,3.4,1
2024-02-28 12:00:00,Solukhumbu_Catchment,19.4,63.6,300.4,18.62,0.946,57.7,7.691,390.8,2.7,2.1,3
2024-02-28 18:00:00,Teesta_Basin,0.5,1.0,2.4,3.56,0.178,1.7,0.266,36.4,9.4,7.7,0
2024-02-29 00:00:00,Lahaul_Spiti,43.0,124.3,354.2,12.9,0.768,30.6,5.767,185.6,4.6,3.2,2
2024-02-29 06:00:00,Kedarnath_Valley,0.3,0.8,2.6,3.12,0.095,0.9,0.178,40.3,7.4,6.8,0
2024-02-29 12:00:00,Solukhumbu_Catchment,27.1,74.4,249.8,6.17,0.602,8.6,1.147,108.0,12.6,11.7,1
2024-02-29 18:00:00,Kedarnath_Valley,5.0,10.8,33.8,1.85,0.198,1.3,0.132,38.9,10.8,10.3,0
2024-03-01 00:00:00,Teesta_Basin,1.0,2.3,6.4,4.17,-0.181,1.7,0.371,33.7,10.4,8.8,0
2024-03-01 06:00:00,Teesta_Basin,4.3,8.4,29.1,2.54,-0.25,2.2,0.25,25.2,6.0,4.3,0
2024-03-01 12:00:00,Lahaul_Spiti,7.0,14.0,54.1,7.76,0.352,9.8,1.995,105.1,13.4,11.8,1
2024-03-01 18:00:00,Lahaul_Spiti,27.7,87.5,308.1,13.47,1.029,47.4,3.379,267.2,-0.3,-1.3,3
2024-03-02 00:00:00,Kedarnath_Valley,1.4,3.0,8.8,3.3,0.135,1.4,0.124,24.9,12.7,11.4,0
2024-03-02 06:00:00,Solukhumbu_Catchment,6.6,14.9,58.0,6.44,0.248,5.9,0.47,63.0,7.0,6.2,1
2024-03-02 12:00:00,Rolwaling_Valley,27.0,64.7,284.4,6.46,0.75,12.3,1.814,158.8,5.3,4.8,2
2024-03-02 18:00:00,Lahaul_Spiti,1.6,3.8,11.5,10.57,0.614,20.2,4.699,154.8,5.0,3.7,2
2024-03-03 00:00:00,Lahaul_Spiti,2.2,5.3,11.2,4.09,0.138,0.6,0.046,23.6,12.4,10.6,0
2024-03-03 06:00:00,Solukhumbu_Catchment,14.2,33.6,118.8,11.2,0.774,20.4,3.785,168.8,7.1,5.9,2
2024-03-03 12:00:00,Lahaul_Spiti,11.9,29.3,82.1,5.21,0.658,3.2,0.61,56.4,6.5,4.7,1
2024-03-03 18:00:00,Rolwaling_Valley,0.8,1.5,4.7,1.99,-0.198,1.4,0.312,32.0,9.5,8.5,0
2024-03-04 00:00:00,Lahaul_Spiti,10.4,21.0,58.0,6.72,0.211,3.8,0.226,68.1,7.8,6.1,1
2024-03-04 06:00:00,Lahaul_Spiti,11.0,26.2,71.5,4.35,0.134,1.2,0.077,31.2,16.1,14.7,0
2024-03-04 12:00:00,Lahaul_Spiti,31.2,88.6,384.4,11.17,0.855,23.2,4.624,197.7,7.5,6.3,2
2024-03-04 18:00:00,Rolwaling_Valley,2.9,7.0,29.9,10.21,0.523,18.6,3.836,117.4,10.9,9.8,2
2024-03-05 00:00:00,Solukhumbu_Catchment,9.7,22.2,65.4,5.32,0.469,5.4,0.483,59.9,8.2,6.7,1
2024-03-05 06:00:00,Teesta_Basin,4.2,7.7,23.0,2.35,0.245,0.9,0.074,17.7,15.7,14.1,0
2024-03-05 12:00:00,Kedarnath_Valley,16.5,41.2,108.6,3.7,0.32,1.2,0.287,49.9,16.3,14.8,0
2024-03-05 18:00:00,Solukhumbu_Catchment,39.9,101.4,304.7,10.69,0.763,14.7,3.11,211.8,7.0,5.9,2
2024-03-06 00:00:00,Rolwaling_Valley,17.1,41.6,159.2,6.55,0.638,5.7,0.328,51.8,3.2,1.8,1
2024-03-06 06:00:00,Solukhumbu_Catchment,9.2,23.6,72.4,6.89,0.35,7.9,1.88,65.0,5.8,4.1,1
2024-03-06 12:00:00,Solukhumbu_Catchment,8.3,21.0,62.8,8.21,0.427,7.0,1.032,76.8,9.5,8.4,1
2024-03-06 18:00:00,Kedarnath_Valley,9.4,23.2,92.6,6.5,0.292,7.2,1.753,87.2,12.7,11.5,1
2024-03-07 00:00:00,Lahaul_Spiti,8.4,19.4,73.8,6.94,0.54,2.7,0.515,86.2,13.2,12.1,1
2024-03-07 06:00:00,Teesta_Basin,0.6,1.2,2.9,2.34,0.379,1.3,0.079,25.1,11.9,10.2,0
2024-03-07 12:00:00,Kedarnath_Valley,8.0,17.4,44.2,6.02,0.501,4.4,0.605,73.2,6.9,5.5,1
2024-03-07 18:00:00,Solukhumbu_Catchment,13.2,27.2,76.5,5.13,0.348,8.3,2.058,75.8,7.9,6.8,1
2024-03-08 00:00:00,Solukhumbu_Catchment,21.3,45.6,137.6,7.53,0.293,6.9,1.123,85.4,7.7,5.9,1
2024-03-08 06:00:00,Teesta_Basin,10.9,29.0,100.3,12.85,0.684,32.1,3.823,137.4,9.4,8.1,2
2024-03-08 12:00:00,Kedarnath_Valley,58.8,154.6,590.0,5.95,0.375,5.2,1.216,98.8,9.5,8.0,1
2024-03-08 18:00:00,Kedarnath_Valley,8.1,18.7,52.2,7.32,0.292,4.8,1.117,95.1,7.6,6.4,1
2024-03-09 00:00:00,Lahaul_Spiti,2.6,5.6,14.2,3.18,-0.023,1.1,0.072,41.1,4.9,3.4,0
2024-03-09 06:00:00,Teesta_Basin,3.9,9.1,19.4,4.33,0.194,1.3,0.114,44.5,19.4,18.1,0
2024-03-09 12:00:00,Rolwaling_Valley,7.6,21.0,100.6,12.01,1.434,56.9,8.112,370.4,2.2,1.1,3
2024-03-09 18:00:00,Solukhumbu_Catchment,5.7,12.0,36.6,3.6,0.228,0.8,0.084,30.4,16.6,15.3,0
2024-03-10 00:00:00,Teesta_Basin,5.8,14.2,38.9,1.74,0.169,0.7,0.076,28.2,14.7,13.5,0
2024-03-10 06:00:00,Kedarnath_Valley,5.5,14.0,44.0,7.69,0.275,2.5,0.227,58.6,13.5,12.7,1
2024-03-10 12:00:00,Solukhumbu_Catchment,0.0,0.1,0.2,4.22,0.062,1.0,0.182,29.2,15.6,15.1,0
2024-03-10 18:00:00,Lahaul_Spiti,4.4,9.4,26.2,8.18,0.496,4.6,0.642,76.0,10.5,8.8,1
2024-03-11 00:00:00,Solukhumbu_Catchment,2.7,6.3,14.0,4.23,0.207,1.2,0.12,33.9,8.5,6.6,0
2024-03-11 06:00:00,Kedarnath_Valley,0.3,0.6,2.0,3.79,-0.093,0.5,0.041,37.1,11.7,10.9,0
2024-03-11 12:00:00,Lahaul_Spiti,9.7,28.4,116.9,17.31,0.858,93.9,19.253,426.8,2.9,1.9,3
2024-03-11 18:00:00,Solukhumbu_Catchment,3.3,7.4,20.6,7.97,0.393,4.3,1.06,76.8,9.7,8.3,1
2024-03-12 00:00:00,Kedarnath_Valley,11.3,28.8,103.5,6.32,0.442,6.3,1.22,105.3,6.4,5.1,1
2024-03-12 06:00:00,Teesta_Basin,91.6,315.3,1253.8,15.04,0.947,63.0,14.283,348.5,3.9,3.6,3
2024-03-12 12:00:00,Lahaul_Spiti,15.5,34.0,76.8,3.74,0.125,1.6,0.259,34.7,12.2,11.5,0
2024-03-12 18:00:00,Rolwaling_Valley,2.5,6.3,24.5,8.23,0.271,5.1,0.518,86.8,6.1,5.3,1
2024-03-13 00:00:00,Solukhumbu_Catchment,1.9,4.4,15.5,6.27,0.324,5.2,1.166,64.9,4.5,3.3,1
2024-03-13 06:00:00,Solukhumbu_Catchment,3.7,7.3,23.7,3.66,-0.004,0.3,0.032,36.1,15.0,13.9,0
2024-03-13 12:00:00,Solukhumbu_Catchment,72.0,210.3,677.9,8.85,0.705,14.8,3.174,151.7,4.5,3.2,2
2024-03-13 18:00:00,Rolwaling_Valley,2.1,5.4,25.2,16.05,1.171,102.2,16.12,409.7,1.0,0.4,3
2024-03-14 00:00:00,Teesta_Basin,18.4,43.2,123.4,6.88,0.365,5.7,0.433,63.6,5.3,4.1,1
2024-03-14 06:00:00,Rolwaling_Valley,0.2,0.4,1.2,4.45,-0.071,0.9,0.063,36.2,13.5,13.0,0
2024-03-14 12:00:00,Lahaul_Spiti,1.6,3.5,12.0,3.16,0.101,1.3,0.1,34.3,6.9,5.8,0
2024-03-14 18:00:00,Solukhumbu_Catchment,15.3,50.3,167.0,18.5,0.996,75.3,6.798,397.6,6.0,5.4,3
2024-03-15 00:00:00,Kedarnath_Valley,3.8,8.5,17.1,2.77,-0.06,0.8,0.066,40.8,9.5,8.8,0
2024-03-15 06:00:00,Lahaul_Spiti,2.6,4.8,15.9,2.79,0.123,1.6,0.183,35.5,15.3,14.0,0
2024-03-15 12:00:00,Solukhumbu_Catchment,1.5,3.5,12.9,6.82,0.384,6.6,1.168,66.2,7.3,5.6,1
2024-03-15 18:00:00,Kedarnath_Valley,0.7,1.5,5.0,7.68,0.271,8.3,1.079,53.1,11.3,10.2,1
2024-03-16 00:00:00,Teesta_Basin,1.0,2.2,7.6,6.91,0.494,7.8,0.398,68.5,4.4,3.6,1
2024-03-16 06:00:00,Solukhumbu_Catchment,23.2,50.5,128.6,6.76,0.315,5.9,0.844,69.3,15.2,14.2,1
2024-03-16 12:00:00,Lahaul_Spiti,50.7,115.5,326.0,11.23,0.703,33.4,2.013,167.5,6.3,5.4,2
2024-03-16 18:00:00,Solukhumbu_Catchment,6.5,15.8,52.6,8.55,0.274,7.2,0.937,65.9,7.0,6.5,1
2024-03-17 00:00:00,Teesta_Basin,0.6,1.6,4.5,4.35,-0.001,0.5,0.107,25.3,10.4,9.6,0
2024-03-17 06:00:00,Rolwaling_Valley,1.3,3.2,10.9,7.83,0.353,5.9,0.591,63.7,9.6,8.6,1
2024-03-17 12:00:00,Solukhumbu_Catchment,2.1,4.5,11.4,1.51,0.024,1.8,0.37,36.3,13.8,13.1,0
2024-03-17 18:00:00,Solukhumbu_Catchment,3.7,11.0,43.5,11.81,0.679,27.6,6.893,105.6,3.0,2.2,2
2024-03-18 00:00:00,Solukhumbu_Catchment,18.3,46.5,207.9,14.47,0.834,20.8,3.03,110.4,5.6,4.6,2
2024-03-18 06:00:00,Teesta_Basin,3.2,6.9,21.5,7.75,0.218,4.6,0.792,82.3,8.1,6.6,1
2024-03-18 12:00:00,Teesta_Basin,0.6,1.2,3.7,3.13,-0.043,1.1,0.108,40.1,13.2,12.7,0
2024-03-18 18:00:00,Teesta_Basin,15.4,31.3,105.9,3.81,-0.026,1.0,0.061,32.4,10.0,8.6,0
2024-03-19 00:00:00,Rolwaling_Valley,1.4,3.3,8.1,3.63,-0.026,0.8,0.171,29.9,6.5,5.3,0
2024-03-19 06:00:00,Teesta_Basin,3.8,10.2,50.7,20.71,1.032,92.1,13.843,357.5,3.1,2.3,3
2024-03-19 12:00:00,Teesta_Basin,34.2,78.4,251.5,11.77,0.908,18.0,2.736,133.8,6.5,5.8,2
2024-03-19 18:00:00,Solukhumbu_Catchment,19.6,58.6,184.5,11.3,0.597,28.0,4.976,125.3,8.0,7.2,2
2024-03-20 00:00:00,Teesta_Basin,2.8,5.2,16.5,5.13,0.326,1.9,0.242,39.8,15.3,14.7,0
2024-03-20 06:00:00,Kedarnath_Valley,3.5,8.2,22.1,3.86,0.172,0.5,0.077,34.3,13.4,12.4,0
2024-03-20 12:00:00,Kedarnath_Valley,0.1,0.4,1.3,5.42,0.451,6.2,0.521,64.1,10.3,9.1,1
2024-03-20 18:00:00,Teesta_Basin,13.5,34.1,135.4,7.48,1.007,34.5,8.324,230.9,7.2,5.7,2
2024-03-21 00:00:00,Rolwaling_Valley,13.0,34.0,118.2,7.02,0.297,1.1,0.155,104.4,4.8,4.1,1
2024-03-21 06:00:00,Solukhumbu_Catchment,1.0,1.9,6.3,3.37,0.249,0.3,0.014,44.9,13.1,12.3,0
2024-03-21 12:00:00,Teesta_Basin,21.8,61.0,154.3,6.44,0.318,3.9,0.7,78.8,2.8,1.8,1
2024-03-21 18:00:00,Lahaul_Spiti,34.6,95.1,296.5,7.7,0.572,7.2,1.131,73.4,11.8,11.1,1
2024-03-22 00:00:00,Teesta_Basin,17.1,41.4,117.8,6.29,0.306,3.5,0.627,121.7,13.2,11.8,1
2024-03-22 06:00:00,Kedarnath_Valley,8.3,27.4,100.6,19.07,1.26,72.1,10.386,385.7,6.6,5.4,3
2024-03-22 12:00:00,Lahaul_Spiti,0.8,1.6,5.0,2.42,0.015,1.1,0.129,32.2,13.1,11.5,0
2024-03-22 18:00:00,Kedarnath_Valley,0.5,1.4,5.9,13.06,0.532,38.7,8.247,173.8,2.2,1.6,2
2024-03-23 00:00:00,Teesta_Basin,5.7,12.4,37.5,6.16,0.362,5.1,0.953,49.5,9.1,7.8,1
2024-03-23 06:00:00,Lahaul_Spiti,7.6,19.4,50.1,7.53,0.063,4.7,0.54,69.0,4.3,2.6,1
2024-03-23 12:00:00,Rolwaling_Valley,0.8,2.1,7.9,9.97,0.599,23.1,3.195,230.7,6.2,4.7,2
2024-03-23 18:00:00,Solukhumbu_Catchment,1.7,3.2,9.4,2.72,-0.03,1.7,0.425,37.4,11.4,10.3,0
2024-03-24 00:00:00,Solukhumbu_Catchment,37.4,84.3,265.5,13.99,0.836,24.0,2.964,185.0,7.8,6.3,2
2024-03-24 06:00:00,Kedarnath_Valley,61.3,172.1,599.0,14.62,0.97,22.4,3.681,205.0,4.5,3.3,2
2024-03-24 12:00:00,Kedarnath_Valley,19.5,43.7,170.4,8.99,0.573,7.0,1.089,80.9,10.6,10.0,1
2024-03-24 18:00:00,Teesta_Basin,12.1,32.4,115.5,8.2,0.833,29.9,1.905,177.0,4.0,3.1,2
2024-03-25 00:00:00,Solukhumbu_Catchment,0.8,1.6,4.2,3.14,0.0,0.9,0.219,31.2,20.6,18.6,0
2024-03-25 06:00:00,Solukhumbu_Catchment,13.2,32.5,123.1,13.08,0.792,10.2,1.842,205.0,6.6,5.6,2
2024-03-25 12:00:00,Kedarnath_Valley,2.5,7.6,30.8,9.82,0.637,13.2,1.962,189.7,13.6,12.7,2
2024-03-25 18:00:00,Teesta_Basin,24.1,63.7,229.9,17.04,1.006,133.2,14.546,430.5,5.9,5.1,3
2024-03-26 00:00:00,Solukhumbu_Catchment,0.5,1.0,3.5,2.04,-0.03,1.4,0.075,35.2,10.4,9.0,0
2024-03-26 06:00:00,Rolwaling_Valley,4.0,8.1,18.6,4.85,0.011,1.1,0.239,14.0,13.5,12.7,0
2024-03-26 12:00:00,Solukhumbu_Catchment,3.0,6.5,14.6,4.44,0.144,1.7,0.212,29.6,14.1,12.9,0
2024-03-26 18:00:00,Lahaul_Spiti,43.6,116.4,480.8,11.12,0.617,33.7,2.774,186.7,8.0,6.5,2
2024-03-27 00:00:00,Rolwaling_Valley,1.6,2.9,9.1,3.96,-0.057,1.7,0.379,31.6,13.6,12.5,0
2024-03-27 06:00:00,Teesta_Basin,21.6,63.4,263.6,11.62,0.735,19.6,2.452,192.9,8.7,7.9,2
2024-03-27 12:00:00,Kedarnath_Valley,3.0,6.6,18.6,4.91,0.136,1.3,0.255,22.0,13.7,11.9,0
2024-03-27 18:00:00,Teesta_Basin,3.8,7.8,18.0,2.92,0.056,0.9,0.127,29.7,13.8,12.2,0
2024-03-28 00:00:00,Solukhumbu_Catchment,28.3,63.0,245.0,6.3,0.424,6.4,0.951,68.5,12.3,10.6,1
2024-03-28 06:00:00,Lahaul_Spiti,7.3,19.8,71.9,16.45,1.104,74.5,8.315,391.2,1.4,0.9,3
2024-03-28 12:00:00,Lahaul_Spiti,1.6,3.8,9.5,1.91,0.154,1.8,0.387,28.4,9.5,8.4,0
2024-03-28 18:00:00,Kedarnath_Valley,16.3,44.3,186.2,12.52,0.718,17.7,2.77,240.5,9.1,8.3,2
2024-03-29 00:00:00,Teesta_Basin,0.7,1.5,4.4,6.06,0.344,6.8,0.66,75.2,12.8,12.2,1
2024-03-29 06:00:00,Lahaul_Spiti,4.1,10.1,24.8,3.37,0.014,1.0,0.193,40.0,11.4,10.5,0
2024-03-29 12:00:00,Lahaul_Spiti,4.0,7.5,21.1,3.93,0.242,2.1,0.463,43.2,4.8,3.0,0
2024-03-29 18:00:00,Rolwaling_Valley,7.7,23.4,77.9,14.83,0.878,63.5,5.62,519.1,-0.8,-1.7,3
2024-03-30 00:00:00,Solukhumbu_Catchment,1.5,2.9,8.5,4.7,0.136,1.0,0.083,18.2,15.9,14.9,0
2024-03-30 06:00:00,Rolwaling_Valley,4.0,8.1,23.4,4.79,0.169,2.4,0.154,35.0,15.5,14.6,0
2024-03-30 12:00:00,Solukhumbu_Catchment,0.9,2.5,10.2,13.77,0.642,19.5,2.778,190.4,8.3,7.1,2
2024-03-30 18:00:00,Rolwaling_Valley,2.6,6.5,19.7,6.36,0.291,4.4,0.365,61.8,14.8,13.1,1
2024-03-31 00:00:00,Teesta_Basin,1.0,1.9,5.0,2.85,0.064,1.5,0.279,43.8,18.5,17.7,0
2024-03-31 06:00:00,Kedarnath_Valley,16.6,44.0,134.3,4.88,0.448,7.6,1.296,57.7,14.2,13.6,1
2024-03-31 12:00:00,Lahaul_Spiti,1.8,4.0,11.5,2.9,0.189,0.5,0.089,33.0,13.8,12.8,0
2024-03-31 18:00:00,Kedarnath_Valley,3.5,7.0,18.1,4.41,0.316,0.5,0.119,23.8,11.4,10.1,0
2024-04-01 00:00:00,Solukhumbu_Catchment,2.6,6.5,19.6,3.1,-0.069,0.6,0.087,43.0,16.4,14.5,0
2024-04-01 06:00:00,Teesta_Basin,0.5,1.3,3.0,3.17,-0.073,1.2,0.118,28.0,28.6,28.0,0
2024-04-01 12:00:00,Lahaul_Spiti,0.8,1.5,3.8,4.36,0.071,1.7,0.323,35.2,14.1,12.3,0
2024-04-01 18:00:00,Rolwaling_Valley,4.8,11.9,30.0,2.88,0.285,0.7,0.134,22.4,13.3,11.6,0
2024-04-02 00:00:00,Kedarnath_Valley,2.9,6.8,21.7,1.94,0.142,0.7,0.135,13.2,5.7,4.3,0
2024-04-02 06:00:00,Rolwaling_Valley,8.6,24.7,91.2,10.83,0.771,31.1,6.684,82.3,10.0,8.6,2
2024-04-02 12:00:00,Rolwaling_Valley,60.2,189.9,643.4,19.24,1.204,81.7,9.714,365.3,2.5,2.0,3
2024-04-02 18:00:00,Teesta_Basin,9.9,18.8,63.4,2.34,-0.12,0.6,0.098,26.9,4.2,3.4,0
2024-04-03 00:00:00,Teesta_Basin,7.7,18.0,64.2,7.53,0.232,6.3,0.597,68.9,12.6,11.4,1
2024-04-03 06:00:00,Lahaul_Spiti,11.9,29.8,127.9,13.32,1.007,18.9,4.544,158.7,2.9,1.9,2
2024-04-03 12:00:00,Lahaul_Spiti,13.8,27.8,80.2,5.3,0.293,5.4,1.204,69.4,7.6,6.9,1
2024-04-03 18:00:00,Lahaul_Spiti,21.9,59.1,237.9,14.87,1.033,29.9,3.353,420.5,-0.2,-0.5,3
2024-04-04 00:00:00,Teesta_Basin,4.8,10.7,39.6,5.46,0.549,4.6,0.612,87.0,8.6,8.1,1
2024-04-04 06:00:00,Teesta_Basin,0.1,0.2,0.6,6.8,0.329,6.3,1.044,102.2,14.0,12.7,1
2024-04-04 12:00:00,Solukhumbu_Catchment,0.4,0.8,2.0,4.2,-0.073,0.8,0.151,32.2,11.0,9.0,0
2024-04-04 18:00:00,Lahaul_Spiti,3.5,8.6,37.8,13.19,0.992,30.2,4.893,221.4,11.3,9.9,2
2024-04-05 00:00:00,Kedarnath_Valley,2.4,4.3,12.8,2.22,0.016,1.9,0.458,36.1,14.4,12.8,0
2024-04-05 06:00:00,Lahaul_Spiti,5.2,10.0,20.7,2.19,0.273,1.1,0.115,36.0,12.9,11.6,0
2024-04-05 12:00:00,Teesta_Basin,1.0,2.1,6.1,3.52,0.258,1.0,0.236,25.6,13.3,11.7,0
2024-04-05 18:00:00,Lahaul_Spiti,3.7,6.8,15.0,4.87,-0.086,1.0,0.086,20.9,12.8,11.9,0
2024-04-06 00:00:00,Solukhumbu_Catchment,1.3,2.9,9.2,3.14,0.069,0.9,0.08,41.4,11.9,11.0,0
2024-04-06 06:00:00,Solukhumbu_Catchment,9.6,19.0,44.6,3.35,-0.014,1.4,0.341,33.6,11.7,10.5,0
2024-04-06 12:00:00,Teesta_Basin,18.4,46.4,155.5,5.52,0.272,5.8,1.404,76.5,9.3,7.9,1
2024-04-06 18:00:00,Rolwaling_Valley,2.1,4.0,13.1,3.38,0.103,1.9,0.395,37.9,15.6,13.7,0
2024-04-07 00:00:00,Lahaul_Spiti,0.9,2.5,8.0,20.11,0.898,90.1,15.043,443.5,7.7,7.2,3
2024-04-07 06:00:00,Rolwaling_Valley,51.0,135.0,581.7,10.58,0.602,16.3,1.015,140.0,1.7,0.7,2
2024-04-07 12:00:00,Rolwaling_Valley,9.1,20.5,54.9,3.86,-0.166,1.1,0.146,24.0,16.4,15.2,0
2024-04-07 18:00:00,Lahaul_Spiti,7.9,15.2,50.5,3.12,-0.045,0.6,0.096,25.5,5.8,5.0,0
2024-04-08 00:00:00,Teesta_Basin,7.2,15.2,53.0,1.99,-0.009,1.6,0.3,45.6,7.0,5.6,0
2024-04-08 06:00:00,Teesta_Basin,4.9,10.5,34.2,3.16,0.052,1.3,0.1,35.2,11.4,9.5,0
2024-04-08 12:00:00,Rolwaling_Valley,4.8,9.2,26.9,4.04,0.213,0.2,0.038,22.2,4.8,3.5,0
2024-04-08 18:00:00,Rolwaling_Valley,1.0,2.4,6.5,5.38,0.14,1.8,0.409,72.0,12.4,11.5,1
2024-04-09 00:00:00,Solukhumbu_Catchment,4.3,10.8,29.0,3.1,0.487,5.1,0.69,62.5,5.5,4.9,1
2024-04-09 06:00:00,Rolwaling_Valley,29.7,75.9,221.2,8.92,0.621,7.6,1.764,49.6,11.8,10.8,1
2024-04-09 12:00:00,Kedarnath_Valley,6.1,14.3,45.5,2.89,0.219,0.7,0.156,31.8,6.0,4.9,0
2024-04-09 18:00:00,Rolwaling_Valley,4.8,9.7,34.7,5.57,0.452,8.3,0.8,79.1,10.5,9.3,1
2024-04-10 00:00:00,Kedarnath_Valley,0.9,1.7,4.1,3.37,-0.013,0.7,0.04,28.0,17.8,16.2,0
2024-04-10 06:00:00,Solukhumbu_Catchment,3.2,6.3,17.2,5.39,0.371,4.5,0.96,79.5,6.6,4.9,1
2024-04-10 12:00:00,Solukhumbu_Catchment,4.9,10.8,37.6,4.92,-0.082,0.4,0.079,26.1,13.5,12.0,0
2024-04-10 18:00:00,Kedarnath_Valley,1.4,3.4,9.3,7.25,0.382,8.5,1.18,64.3,7.7,6.0,1
2024-04-11 00:00:00,Teesta_Basin,14.2,42.3,181.7,18.15,1.28,80.8,15.41,392.1,3.5,2.4,3
2024-04-11 06:00:00,Lahaul_Spiti,1.6,3.7,10.4,3.06,0.171,1.5,0.327,35.9,12.7,11.6,0
2024-04-11 12:00:00,Lahaul_Spiti,41.4,114.5,361.4,11.69,0.501,26.2,5.169,209.1,3.8,3.0,2
2024-04-11 18:00:00,Lahaul_Spiti,2.3,5.5,14.2,5.16,0.353,1.5,0.325,46.8,12.1,10.7,0
2024-04-12 00:00:00,Solukhumbu_Catchment,16.5,37.7,98.4,7.08,0.218,3.8,0.713,78.1,8.0,6.6,1
2024-04-12 06:00:00,Teesta_Basin,39.4,113.0,486.7,14.56,0.983,81.9,7.636,400.0,1.4,0.7,3
2024-04-12 12:00:00,Rolwaling_Valley,75.7,180.8,745.4,12.58,0.904,13.8,1.204,182.2,6.3,5.5,2
2024-04-12 18:00:00,Kedarnath_Valley,10.8,21.8,62.8,7.78,0.254,5.8,1.171,92.3,16.0,15.3,1
2024-04-13 00:00:00,Solukhumbu_Catchment,7.3,20.5,80.9,8.21,0.231,7.6,0.608,70.7,14.2,13.2,1
2024-04-13 06:00:00,Lahaul_Spiti,7.4,18.2,52.6,4.22,0.04,1.5,0.352,24.6,7.4,5.7,0
2024-04-13 12:00:00,Lahaul_Spiti,3.7,10.0,41.4,12.8,0.82,23.4,2.056,181.9,4.8,3.6,2
2024-04-13 18:00:00,Solukhumbu_Catchment,1.5,3.6,8.6,4.53,0.212,0.8,0.136,30.1,7.9,7.3,0
2024-04-14 00:00:00,Kedarnath_Valley,7.0,18.1,58.7,6.66,0.353,6.4,0.977,84.3,7.6,6.9,1
2024-04-14 06:00:00,Solukhumbu_Catchment,1.7,3.6,11.3,9.84,0.257,5.6,0.54,73.9,7.9,6.8,1
2024-04-14 12:00:00,Lahaul_Spiti,5.6,11.4,42.6,5.02,0.396,6.7,0.584,73.9,9.4,8.4,1
2024-04-14 18:00:00,Kedarnath_Valley,16.0,44.9,143.5,14.77,1.008,56.9,3.256,459.0,4.3,3.3,3
2024-04-15 00:00:00,Lahaul_Spiti,5.6,12.8,27.6,3.1,0.002,0.8,0.07,16.2,16.7,15.3,0
2024-04-15 06:00:00,Lahaul_Spiti,13.1,29.1,108.0,5.9,0.697,5.7,1.277,78.1,10.7,9.4,1
2024-04-15 12:00:00,Kedarnath_Valley,39.5,104.4,458.4,11.98,0.735,18.3,4.454,167.3,11.8,11.2,2
2024-04-15 18:00:00,Teesta_Basin,187.7,540.3,1751.6,13.44,0.601,18.4,4.043,223.6,5.2,4.2,2
2024-04-16 00:00:00,Solukhumbu_Catchment,26.8,67.0,211.0,5.81,0.324,6.5,1.556,77.3,12.0,10.8,1
2024-04-16 06:00:00,Kedarnath_Valley,28.4,87.5,409.3,18.9,1.146,81.2,12.386,410.7,8.2,7.2,3
2024-04-16 12:00:00,Teesta_Basin,2.3,4.2,11.5,3.36,-0.323,1.2,0.279,39.6,10.2,9.2,0
2024-04-16 18:00:00,Rolwaling_Valley,5.8,15.1,46.7,5.8,0.323,4.5,1.101,85.7,10.0,8.6,1
2024-04-17 00:00:00,Lahaul_Spiti,1.4,3.6,12.6,6.56,0.45,6.3,1.058,60.3,7.6,6.3,1
2024-04-17 06:00:00,Solukhumbu_Catchment,0.7,1.6,3.7,3.58,-0.232,1.1,0.237,27.7,13.7,12.3,0
2024-04-17 12:00:00,Teesta_Basin,39.4,88.2,221.4,6.26,0.56,6.5,0.92,59.0,14.1,12.9,1
2024-04-17 18:00:00,Lahaul_Spiti,2.5,5.7,12.3,4.23,0.011,1.4,0.199,34.0,11.6,9.9,0
2024-04-18 00:00:00,Solukhumbu_Catchment,3.7,7.7,25.8,2.86,0.177,0.9,0.129,28.2,18.9,16.9,0
2024-04-18 06:00:00,Solukhumbu_Catchment,6.7,15.1,45.6,6.98,0.429,7.0,0.745,98.3,8.6,7.3,1
2024-04-18 12:00:00,Teesta_Basin,1.0,2.0,5.3,4.22,0.065,1.1,0.118,32.4,16.3,15.2,0
2024-04-18 18:00:00,Teesta_Basin,6.2,15.8,47.9,5.37,0.556,5.9,0.556,67.3,8.5,7.5,1
2024-04-19 00:00:00,Kedarnath_Valley,1.0,1.9,6.3,4.45,0.468,1.6,0.181,37.5,12.7,11.2,0
2024-04-19 06:00:00,Teesta_Basin,25.2,57.4,211.5,12.96,0.825,24.7,2.689,145.8,11.7,11.0,2
2024-04-19 12:00:00,Kedarnath_Valley,2.7,7.7,38.1,18.58,1.08,85.9,16.546,361.5,2.6,2.3,3
2024-04-19 18:00:00,Rolwaling_Valley,0.3,0.7,1.3,3.51,0.113,1.8,0.321,24.4,12.3,10.8,0
2024-04-20 00:00:00,Kedarnath_Valley,1.3,3.0,8.8,3.66,0.035,1.6,0.223,26.3,6.0,5.5,0
2024-04-20 06:00:00,Rolwaling_Valley,24.4,55.9,168.5,8.18,0.682,12.2,2.121,177.4,7.6,6.6,2
2024-04-20 12:00:00,Teesta_Basin,0.1,0.1,0.3,4.02,0.182,1.0,0.145,30.8,16.4,15.8,0
2024-04-20 18:00:00,Solukhumbu_Catchment,0.8,1.6,4.4,7.06,0.405,5.8,1.397,76.8,11.4,10.5,1
2024-04-21 00:00:00,Solukhumbu_Catchment,54.8,156.6,538.7,9.93,0.624,15.1,3.046,207.8,6.7,6.2,2
2024-04-21 06:00:00,Lahaul_Spiti,6.8,13.9,37.9,8.55,0.38,8.8,1.957,81.3,9.6,9.1,1
2024-04-21 12:00:00,Lahaul_Spiti,2.6,5.1,15.4,3.58,0.2,0.8,0.165,2.0,16.3,15.0,0
2024-04-21 18:00:00,Solukhumbu_Catchment,23.4,60.6,228.7,9.99,0.606,25.4,1.705,104.1,6.5,5.7,2
2024-04-22 00:00:00,Lahaul_Spiti,11.3,30.9,113.5,17.54,1.105,76.9,14.158,333.8,4.0,3.8,3
2024-04-22 06:00:00,Solukhumbu_Catchment,27.7,57.5,211.9,7.6,0.253,3.9,0.602,109.4,14.3,12.5,1
2024-04-22 12:00:00,Kedarnath_Valley,8.5,20.1,57.0,3.74,0.329,0.3,0.069,37.6,17.8,16.9,0
2024-04-22 18:00:00,Solukhumbu_Catchment,0.7,1.6,4.1,5.93,0.247,5.3,0.826,75.3,5.0,3.6,1
2024-04-23 00:00:00,Teesta_Basin,5.5,10.7,33.0,3.57,0.022,1.9,0.123,16.6,9.9,8.7,0
2024-04-23 06:00:00,Rolwaling_Valley,1.4,3.4,8.8,2.78,-0.159,1.5,0.364,25.6,17.2,15.2,0
2024-04-23 12:00:00,Solukhumbu_Catchment,24.2,63.6,238.9,14.11,0.574,28.1,3.967,178.5,10.4,9.0,2
2024-04-23 18:00:00,Lahaul_Spiti,3.7,7.5,26.0,5.8,0.535,5.0,1.189,80.4,13.4,11.7,1
2024-04-24 00:00:00,Lahaul_Spiti,0.4,0.7,1.6,5.46,0.025,0.5,0.076,28.5,15.0,14.0,0
2024-04-24 06:00:00,Kedarnath_Valley,63.4,160.3,526.0,13.05,0.61,33.2,5.38,182.1,6.9,5.4,2
2024-04-24 12:00:00,Solukhumbu_Catchment,12.5,31.6,86.8,4.98,0.58,7.4,1.794,71.1,12.6,11.7,1
2024-04-24 18:00:00,Solukhumbu_Catchment,2.3,5.4,18.5,3.58,0.06,1.2,0.126,25.7,15.1,13.5,0
2024-04-25 00:00:00,Rolwaling_Valley,10.0,27.5,92.5,5.1,0.367,7.8,0.866,79.3,11.3,10.7,1
2024-04-25 06:00:00,Kedarnath_Valley,15.4,36.7,113.0,6.27,0.445,5.8,0.698,93.2,16.0,14.6,1
2024-04-25 12:00:00,Lahaul_Spiti,1.0,2.6,6.0,2.09,0.231,1.2,0.234,35.2,11.9,11.1,0
2024-04-25 18:00:00,Teesta_Basin,7.6,14.7,45.4,3.63,0.066,1.3,0.191,29.5,9.6,8.6,0
2024-04-26 00:00:00,Kedarnath_Valley,29.1,65.4,242.8,5.56,0.397,8.3,1.692,85.2,10.0,8.7,1
2024-04-26 06:00:00,Lahaul_Spiti,1.3,3.1,11.9,7.03,0.402,4.7,0.358,87.2,16.9,15.5,1
2024-04-26 12:00:00,Kedarnath_Valley,1.7,4.2,12.3,12.35,0.901,33.9,3.612,208.5,9.7,8.8,2
2024-04-26 18:00:00,Kedarnath_Valley,1.3,3.4,12.5,11.37,0.616,33.3,6.379,200.9,3.9,2.8,2
2024-04-27 00:00:00,Lahaul_Spiti,1.0,2.4,8.1,3.97,-0.109,0.7,0.159,26.4,14.1,12.7,0
2024-04-27 06:00:00,Lahaul_Spiti,1.0,2.5,8.1,5.64,0.296,4.3,1.044,60.4,8.1,7.6,1
2024-04-27 12:00:00,Solukhumbu_Catchment,4.2,8.1,23.2,3.62,-0.073,1.4,0.12,36.5,16.5,14.7,0
2024-04-27 18:00:00,Teesta_Basin,1.5,3.7,14.5,5.28,0.447,7.6,0.777,83.5,6.1,5.5,1
2024-04-28 00:00:00,Rolwaling_Valley,3.7,6.7,14.3,3.24,-0.03,0.5,0.092,50.8,7.9,7.3,0
2024-04-28 06:00:00,Solukhumbu_Catchment,68.2,219.3,924.2,16.28,1.204,17.5,2.203,329.0,3.7,2.7,3
2024-04-28 12:00:00,Lahaul_Spiti,4.2,10.7,41.8,5.85,0.273,4.2,0.532,64.1,11.5,10.9,1
2024-04-28 18:00:00,Solukhumbu_Catchment,0.7,1.6,4.8,3.53,-0.02,0.2,0.047,34.9,16.9,15.3,0
2024-04-29 00:00:00,Lahaul_Spiti,10.0,27.9,117.1,10.03,0.843,34.9,6.345,191.5,6.0,4.8,2
2024-04-29 06:00:00,Rolwaling_Valley,21.3,45.4,141.6,6.31,0.23,5.8,1.436,67.5,4.8,3.6,1
2024-04-29 12:00:00,Kedarnath_Valley,1.4,3.2,8.5,2.94,0.055,0.3,0.046,29.1,13.5,11.6,0
2024-04-29 18:00:00,Lahaul_Spiti,1.3,2.9,6.0,4.28,-0.026,1.0,0.113,41.2,8.4,7.7,0
2024-04-30 00:00:00,Teesta_Basin,2.5,6.1,20.4,2.45,0.233,1.4,0.187,35.8,11.4,9.5,0
2024-04-30 06:00:00,Teesta_Basin,5.8,14.2,48.0,2.28,0.019,2.0,0.243,35.7,15.5,15.0,0
2024-04-30 12:00:00,Lahaul_Spiti,3.7,6.7,23.3,3.72,-0.08,1.2,0.187,35.3,9.8,8.1,0
2024-04-30 18:00:00,Solukhumbu_Catchment,4.1,7.8,20.5,4.84,-0.017,1.4,0.098,25.8,18.0,16.2,0
2024-05-01 00:00:00,Lahaul_Spiti,2.2,5.5,16.3,4.33,0.464,7.2,1.19,50.8,13.9,12.2,1
2024-05-01 06:00:00,Lahaul_Spiti,0.7,1.8,4.9,2.47,-0.163,1.3,0.188,25.4,2.6,1.1,0
2024-05-01 12:00:00,Kedarnath_Valley,8.1,22.9,90.2,9.49,0.825,24.0,2.515,255.3,8.3,7.1,2
2024-05-01 18:00:00,Teesta_Basin,1.4,4.0,16.3,10.83,0.679,37.4,8.754,143.9,5.9,4.7,2
2024-05-02 00:00:00,Solukhumbu_Catchment,2.3,5.4,20.3,8.0,0.445,5.1,0.378,50.8,10.5,9.9,1
2024-05-02 06:00:00,Kedarnath_Valley,5.9,10.8,24.5,3.33,0.231,1.7,0.277,36.9,6.4,5.9,0
2024-05-02 12:00:00,Lahaul_Spiti,2.4,5.2,20.3,7.78,0.158,8.6,0.622,58.0,10.9,9.4,1
2024-05-02 18:00:00,Solukhumbu_Catchment,14.8,36.4,147.6,11.69,0.83,26.4,3.002,172.0,10.9,10.4,2
2024-05-03 00:00:00,Kedarnath_Valley,4.0,8.9,26.4,2.04,0.004,1.2,0.076,13.5,8.5,7.7,0
2024-05-03 06:00:00,Lahaul_Spiti,3.7,9.6,32.2,5.88,0.074,6.6,0.877,74.1,12.7,11.9,1
2024-05-03 12:00:00,Kedarnath_Valley,0.5,1.1,2.9,6.68,0.442,5.2,0.36,81.4,7.1,5.4,1
2024-05-03 18:00:00,Rolwaling_Valley,9.3,24.0,67.9,10.75,0.468,18.4,1.385,210.2,6.3,5.7,2
2024-05-04 00:00:00,Rolwaling_Valley,5.0,10.4,21.3,2.96,0.221,1.6,0.203,29.6,8.3,7.0,0
2024-05-04 06:00:00,Solukhumbu_Catchment,12.1,28.6,95.9,4.18,-0.005,1.8,0.329,11.5,11.2,10.0,0
2024-05-04 12:00:00,Kedarnath_Valley,13.9,35.2,139.3,6.45,0.158,5.1,0.652,45.1,11.9,10.7,1
2024-05-04 18:00:00,Rolwaling_Valley,16.9,37.8,149.8,6.79,0.481,4.6,0.663,70.4,7.4,6.3,1
2024-05-05 00:00:00,Lahaul_Spiti,36.0,86.3,285.3,9.96,0.773,31.4,2.526,164.6,8.3,7.0,2
2024-05-05 06:00:00,Kedarnath_Valley,1.7,3.7,9.0,3.48,-0.026,0.7,0.106,20.3,11.4,9.6,0
2024-05-05 12:00:00,Teesta_Basin,9.3,24.1,86.6,5.48,0.423,4.8,0.611,80.3,15.7,15.1,1
2024-05-05 18:00:00,Lahaul_Spiti,4.1,9.3,24.6,8.18,0.357,5.5,1.253,58.3,9.1,8.2,1
2024-05-06 00:00:00,Lahaul_Spiti,0.1,0.1,0.4,12.35,0.668,31.4,2.71,204.3,5.7,5.1,2
2024-05-06 06:00:00,Teesta_Basin,10.1,26.6,86.1,11.08,0.551,43.5,7.544,177.4,10.1,9.5,2
2024-05-06 12:00:00,Teesta_Basin,34.6,83.1,232.9,13.05,0.566,32.8,7.67,169.0,6.3,5.6,2
2024-05-06 18:00:00,Solukhumbu_Catchment,5.3,15.1,57.7,9.23,0.445,16.3,1.917,231.3,4.5,3.2,2
2024-05-07 00:00:00,Kedarnath_Valley,6.1,16.6,71.4,7.83,0.701,15.6,2.83,185.5,6.7,6.1,2
2024-05-07 06:00:00,Kedarnath_Valley,2.6,6.2,13.4,4.46,-0.238,1.7,0.109,39.6,11.8,9.9,0
2024-05-07 12:00:00,Rolwaling_Valley,13.2,29.7,83.3,8.22,0.398,3.6,0.564,56.2,6.1,4.5,1
2024-05-07 18:00:00,Teesta_Basin,0.8,1.8,5.5,4.62,0.35,1.8,0.097,25.2,10.9,9.3,0
2024-05-08 00:00:00,Teesta_Basin,15.6,35.0,127.8,7.47,0.313,6.0,1.058,72.5,10.0,8.3,1
2024-05-08 06:00:00,Rolwaling_Valley,6.9,13.3,34.3,3.05,0.079,1.6,0.39,28.3,16.6,15.3,0
2024-05-08 12:00:00,Solukhumbu_Catchment,19.5,54.9,190.6,10.37,0.401,25.5,5.946,176.7,2.0,1.1,2
2024-05-08 18:00:00,Kedarnath_Valley,5.5,12.1,48.5,7.42,0.559,8.3,0.425,69.6,10.4,9.2,1
2024-05-09 00:00:00,Rolwaling_Valley,32.8,82.5,311.0,11.65,0.634,29.2,6.215,150.3,6.9,6.1,2
2024-05-09 06:00:00,Lahaul_Spiti,20.3,41.3,112.3,5.14,0.204,5.5,0.289,87.4,6.6,5.0,1
2024-05-09 12:00:00,Solukhumbu_Catchment,0.6,1.4,3.7,3.11,-0.201,1.6,0.231,29.4,17.0,15.4,0
2024-05-09 18:00:00,Rolwaling_Valley,25.1,57.2,196.5,11.69,0.416,22.5,2.116,172.7,11.1,9.7,2
2024-05-10 00:00:00,Solukhumbu_Catchment,2.9,6.3,14.3,4.7,0.098,1.6,0.342,16.9,11.5,10.4,0
2024-05-10 06:00:00,Rolwaling_Valley,1.4,3.6,14.6,10.91,0.797,28.6,3.248,189.2,3.3,2.5,2
2024-05-10 12:00:00,Teesta_Basin,6.5,13.5,34.0,4.43,-0.056,1.2,0.294,35.7,14.0,13.5,0
2024-05-10 18:00:00,Teesta_Basin,2.6,6.1,24.1,13.8,0.766,10.5,1.779,225.1,5.4,4.6,2
2024-05-11 00:00:00,Lahaul_Spiti,24.4,81.4,258.9,13.95,1.113,58.7,11.794,350.6,6.5,5.9,3
2024-05-11 06:00:00,Teesta_Basin,0.3,0.6,1.5,3.66,0.301,1.2,0.074,35.3,14.5,13.0,0
2024-05-11 12:00:00,Teesta_Basin,0.7,1.7,5.6,2.68,0.052,1.6,0.291,32.7,11.8,10.0,0
2024-05-11 18:00:00,Teesta_Basin,1.4,3.4,9.9,4.19,0.209,1.0,0.149,16.7,12.3,11.7,0
2024-05-12 00:00:00,Kedarnath_Valley,17.8,53.2,154.6,8.25,0.531,30.6,6.794,170.3,5.7,5.0,2
2024-05-12 06:00:00,Teesta_Basin,41.2,114.0,405.9,12.9,0.748,33.4,1.961,159.4,7.1,6.5,2
2024-05-12 12:00:00,Solukhumbu_Catchment,37.9,78.9,249.1,7.2,0.612,3.3,0.186,79.2,12.6,10.8,1
2024-05-12 18:00:00,Teesta_Basin,48.0,126.1,442.2,9.58,0.707,18.2,3.615,184.9,4.9,3.4,2
2024-05-13 00:00:00,Teesta_Basin,3.3,7.6,20.3,5.01,0.256,6.4,1.11,103.4,7.2,6.1,1
2024-05-13 06:00:00,Teesta_Basin,9.5,24.2,88.0,6.75,0.577,7.3,0.928,47.9,10.6,9.0,1
2024-05-13 12:00:00,Rolwaling_Valley,3.1,6.4,18.2,3.39,0.237,0.7,0.08,24.5,8.3,7.2,0
2024-05-13 18:00:00,Solukhumbu_Catchment,0.2,0.4,1.0,3.9,0.062,1.1,0.188,26.8,6.0,4.4,0
2024-05-14 00:00:00,Rolwaling_Valley,2.7,6.7,25.1,10.23,0.547,30.3,2.523,171.6,5.8,4.3,2
2024-05-14 06:00:00,Lahaul_Spiti,2.6,7.0,18.1,5.92,0.376,6.5,0.376,80.0,7.7,6.0,1
2024-05-14 12:00:00,Lahaul_Spiti,104.1,277.4,1177.2,13.7,0.581,28.0,3.128,178.4,6.2,4.7,2
2024-05-14 18:00:00,Solukhumbu_Catchment,7.3,17.2,59.8,4.47,0.082,1.2,0.235,36.9,12.4,10.6,0
2024-05-15 00:00:00,Lahaul_Spiti,24.1,64.8,282.8,11.6,0.762,29.1,5.818,182.2,6.8,6.1,2
2024-05-15 06:00:00,Rolwaling_Valley,8.3,17.2,45.7,4.57,0.456,5.2,0.597,60.6,10.5,9.7,1
2024-05-15 12:00:00,Kedarnath_Valley,30.3,85.4,296.1,8.71,0.605,13.9,0.967,179.4,0.7,-0.5,2
2024-05-15 18:00:00,Solukhumbu_Catchment,17.0,41.8,157.6,7.76,0.51,5.0,0.287,77.6,8.6,7.3,1
2024-05-16 00:00:00,Teesta_Basin,0.1,0.3,0.6,3.34,0.043,1.4,0.254,29.2,6.4,5.7,0
2024-05-16 06:00:00,Rolwaling_Valley,1.4,3.1,8.7,4.11,0.064,1.9,0.468,21.3,17.1,15.6,0
2024-05-16 12:00:00,Kedarnath_Valley,0.2,0.5,1.6,4.17,0.101,1.8,0.246,27.7,20.8,19.5,0
2024-05-16 18:00:00,Kedarnath_Valley,8.9,20.2,55.5,6.07,0.199,7.5,0.843,88.2,8.8,8.0,1
2024-05-17 00:00:00,Solukhumbu_Catchment,0.1,0.1,0.3,3.21,0.182,2.2,0.163,38.8,11.2,10.7,0
2024-05-17 06:00:00,Teesta_Basin,5.1,11.1,37.5,5.02,0.644,5.6,0.615,83.9,8.8,7.3,1
2024-05-17 12:00:00,Kedarnath_Valley,2.8,5.4,12.7,4.07,-0.196,1.0,0.06,15.4,8.5,7.2,0
2024-05-17 18:00:00,Kedarnath_Valley,0.5,0.9,3.0,2.92,0.028,0.9,0.19,26.0,17.6,16.2,0
2024-05-18 00:00:00,Rolwaling_Valley,8.8,17.0,37.0,4.6,-0.163,2.2,0.3,42.7,6.7,6.2,0
2024-05-18 06:00:00,Solukhumbu_Catchment,12.2,32.5,112.9,8.62,0.803,18.1,3.499,233.3,4.2,3.2,2
2024-05-18 12:00:00,Kedarnath_Valley,1.2,2.3,5.6,4.72,0.011,1.0,0.193,32.0,18.4,17.2,0
2024-05-18 18:00:00,Solukhumbu_Catchment,2.5,5.6,19.2,4.43,-0.08,2.4,0.188,38.0,5.8,5.3,0
2024-05-19 00:00:00,Kedarnath_Valley,21.6,48.0,215.8,13.78,0.62,31.6,2.196,239.6,10.5,9.9,2
2024-05-19 06:00:00,Lahaul_Spiti,3.9,8.6,24.9,6.22,0.271,3.1,0.437,66.9,9.5,8.7,1
2024-05-19 12:00:00,Solukhumbu_Catchment,3.3,7.5,25.3,3.14,-0.142,1.5,0.274,19.9,14.3,12.9,0
2024-05-19 18:00:00,Lahaul_Spiti,8.1,15.3,47.2,3.19,0.084,0.5,0.042,27.7,9.0,8.0,0
2024-05-20 00:00:00,Rolwaling_Valley,33.9,71.4,259.5,6.56,0.247,4.0,0.479,60.3,3.4,2.5,1
2024-05-20 06:00:00,Teesta_Basin,0.8,1.7,5.9,2.76,0.046,1.3,0.25,33.4,19.0,17.0,0
2024-05-20 12:00:00,Lahaul_Spiti,0.1,0.3,1.0,4.28,-0.075,0.8,0.185,20.0,11.7,9.9,0
2024-05-20 18:00:00,Lahaul_Spiti,16.9,46.7,143.8,3.19,0.636,4.1,0.892,70.5,8.2,7.0,1
2024-05-21 00:00:00,Kedarnath_Valley,5.1,13.6,41.7,8.59,0.284,8.2,0.619,94.0,14.7,13.3,1
2024-05-21 06:00:00,Teesta_Basin,0.1,0.2,0.4,3.14,0.321,1.5,0.178,17.4,13.6,11.8,0
2024-05-21 12:00:00,Teesta_Basin,1.0,2.1,6.2,3.5,0.197,1.5,0.251,36.5,12.0,10.3,0
2024-05-21 18:00:00,Rolwaling_Valley,14.7,39.1,105.5,7.31,0.609,7.6,0.469,74.1,9.0,8.5,1
2024-05-22 00:00:00,Rolwaling_Valley,2.9,7.1,19.0,3.82,-0.013,1.5,0.227,27.4,6.8,5.1,0
2024-05-22 06:00:00,Teesta_Basin,7.8,17.8,59.8,8.17,-0.056,6.2,0.96,63.1,7.7,6.3,1
2024-05-22 12:00:00,Rolwaling_Valley,4.0,9.3,18.6,4.23,-0.354,1.5,0.346,29.1,12.6,11.7,0
2024-05-22 18:00:00,Lahaul_Spiti,4.5,9.2,27.1,3.28,0.345,0.5,0.088,23.1,10.0,9.4,0
2024-05-23 00:00:00,Solukhumbu_Catchment,0.8,1.9,6.1,3.86,0.09,1.6,0.168,32.0,11.8,10.1,0
2024-05-23 06:00:00,Kedarnath_Valley,1.1,2.4,6.9,5.83,0.32,4.9,1.026,81.9,7.1,5.8,1
2024-05-23 12:00:00,Rolwaling_Valley,6.5,17.9,60.2,9.14,0.482,6.1,0.818,68.6,11.3,10.7,1
2024-05-23 18:00:00,Kedarnath_Valley,44.9,95.3,324.0,6.92,0.672,5.5,1.251,80.4,7.2,6.1,1
2024-05-24 00:00:00,Rolwaling_Valley,0.5,1.0,2.6,4.99,0.074,0.8,0.094,31.2,11.5,10.0,0
2024-05-24 06:00:00,Rolwaling_Valley,16.3,40.2,102.8,5.97,0.302,4.6,0.346,40.6,9.7,8.9,1
2024-05-24 12:00:00,Lahaul_Spiti,7.1,15.4,43.3,3.62,0.141,1.6,0.272,34.8,13.4,11.7,0
2024-05-24 18:00:00,Rolwaling_Valley,13.7,37.3,162.6,12.87,0.66,24.8,3.483,139.8,9.3,8.3,2
2024-05-25 00:00:00,Lahaul_Spiti,4.6,12.6,32.0,7.44,0.669,6.2,1.103,80.5,8.2,6.9,1
2024-05-25 06:00:00,Rolwaling_Valley,7.8,17.8,50.9,5.89,0.626,5.7,1.174,62.1,6.8,5.4,1
2024-05-25 12:00:00,Solukhumbu_Catchment,8.1,20.2,99.1,21.88,1.096,92.7,6.004,435.3,2.6,2.0,3
2024-05-25 18:00:00,Kedarnath_Valley,2.2,5.1,10.6,4.51,0.076,2.1,0.388,18.4,7.9,7.0,0
2024-05-26 00:00:00,Teesta_Basin,3.1,6.2,15.2,4.27,0.029,1.2,0.237,30.4,10.4,9.2,0
2024-05-26 06:00:00,Teesta_Basin,9.4,21.9,59.8,4.87,0.351,8.9,1.228,82.8,4.5,3.1,1
2024-05-26 12:00:00,Lahaul_Spiti,7.4,13.6,43.7,4.18,0.28,0.7,0.149,30.7,4.8,4.2,0
2024-05-26 18:00:00,Rolwaling_Valley,63.8,187.0,807.1,8.28,0.644,27.3,3.301,204.5,6.2,5.1,2
2024-05-27 00:00:00,Teesta_Basin,4.3,9.6,22.7,3.99,0.126,1.8,0.341,39.4,7.0,6.5,0
2024-05-27 06:00:00,Rolwaling_Valley,2.2,5.5,20.4,7.07,0.317,5.2,0.885,92.7,10.4,9.0,1
2024-05-27 12:00:00,Kedarnath_Valley,6.6,12.6,42.0,2.81,0.028,0.9,0.104,26.1,11.7,9.9,0
2024-05-27 18:00:00,Solukhumbu_Catchment,0.9,2.0,6.0,4.89,0.929,40.3,8.042,142.1,5.1,4.3,2
2024-05-28 00:00:00,Solukhumbu_Catchment,1.1,2.7,5.7,2.62,0.197,1.6,0.262,39.7,20.6,19.8,0
2024-05-28 06:00:00,Rolwaling_Valley,1.2,3.1,11.4,6.41,0.473,6.5,0.712,96.8,8.6,7.7,1
2024-05-28 12:00:00,Rolwaling_Valley,1.5,3.0,7.7,3.34,0.131,0.9,0.157,41.3,12.3,10.8,0
2024-05-28 18:00:00,Lahaul_Spiti,3.6,10.2,32.7,9.61,0.592,20.9,1.233,156.1,8.1,7.6,2
2024-05-29 00:00:00,Teesta_Basin,5.0,10.8,32.8,3.95,-0.109,2.1,0.275,24.7,9.1,8.0,0
2024-05-29 06:00:00,Solukhumbu_Catchment,7.3,18.0,69.0,6.73,0.507,2.4,0.454,88.7,7.5,6.3,1
2024-05-29 12:00:00,Lahaul_Spiti,4.7,11.0,32.8,3.52,0.072,1.6,0.362,30.5,13.8,13.3,0
2024-05-29 18:00:00,Teesta_Basin,6.5,17.6,50.7,5.59,0.109,3.0,0.683,58.8,10.2,9.6,1
2024-05-30 00:00:00,Solukhumbu_Catchment,26.1,60.2,214.0,5.81,0.639,4.1,0.447,111.9,9.1,7.3,1
2024-05-30 06:00:00,Kedarnath_Valley,29.7,101.9,442.4,15.14,0.936,66.7,15.435,472.7,2.6,2.2,3
2024-05-30 12:00:00,Solukhumbu_Catchment,3.3,7.7,24.1,2.94,0.254,0.7,0.163,31.5,6.1,5.6,0
2024-05-30 18:00:00,Solukhumbu_Catchment,4.8,9.7,29.6,3.08,0.022,1.6,0.218,25.0,10.5,9.2,0
2024-05-31 00:00:00,Rolwaling_Valley,0.9,3.1,14.4,18.79,1.42,92.8,7.087,436.4,6.1,5.6,3
2024-05-31 06:00:00,Solukhumbu_Catchment,6.3,12.6,34.7,4.28,0.097,1.4,0.336,30.7,10.3,9.4,0
2024-05-31 12:00:00,Lahaul_Spiti,14.7,36.0,151.7,11.79,0.735,29.6,2.838,181.6,3.9,2.9,2
2024-05-31 18:00:00,Rolwaling_Valley,1.2,2.8,10.5,6.26,0.611,5.5,0.619,80.9,13.7,13.2,1
2024-06-01 00:00:00,Teesta_Basin,7.8,22.1,100.1,19.13,1.501,69.4,11.854,356.7,6.9,6.5,3
2024-06-01 06:00:00,Rolwaling_Valley,17.9,39.6,111.6,5.43,0.47,6.8,0.974,95.8,10.6,9.3,1
2024-06-01 12:00:00,Kedarnath_Valley,10.1,27.9,96.9,6.35,0.71,3.9,0.252,103.6,3.3,1.7,1
2024-06-01 18:00:00,Kedarnath_Valley,0.2,0.5,1.5,4.23,0.101,0.9,0.114,38.9,9.9,8.2,0
2024-06-02 00:00:00,Lahaul_Spiti,1.9,4.0,9.2,3.61,0.169,2.0,0.473,42.7,2.8,0.9,0
2024-06-02 06:00:00,Teesta_Basin,1.7,3.2,10.1,4.39,-0.01,2.3,0.123,24.5,8.7,7.4,0
2024-06-02 12:00:00,Teesta_Basin,1.5,3.5,7.6,3.94,-0.065,1.1,0.07,32.8,6.6,5.5,0
2024-06-02 18:00:00,Solukhumbu_Catchment,3.6,9.8,32.0,8.47,0.315,4.2,0.552,63.4,11.4,10.6,1
2024-06-03 00:00:00,Rolwaling_Valley,10.1,19.7,54.2,3.87,-0.012,1.7,0.13,31.6,3.7,2.3,0
2024-06-03 06:00:00,Lahaul_Spiti,2.1,4.1,8.1,3.45,-0.111,1.1,0.064,34.9,11.1,9.4,0
2024-06-03 12:00:00,Kedarnath_Valley,7.5,17.7,56.8,6.17,0.243,6.4,0.638,69.4,13.3,12.5,1
2024-06-03 18:00:00,Teesta_Basin,7.7,17.4,56.8,3.39,0.403,1.4,0.157,36.1,5.6,4.4,0
2024-06-04 00:00:00,Solukhumbu_Catchment,0.1,0.3,0.6,3.09,0.242,1.9,0.464,30.5,17.5,16.1,0
2024-06-04 06:00:00,Lahaul_Spiti,1.0,2.3,8.0,3.67,-0.01,0.4,0.056,29.9,4.1,2.2,0
2024-06-04 12:00:00,Rolwaling_Valley,71.0,212.0,696.4,17.9,1.291,93.4,10.093,292.0,6.7,5.7,3
2024-06-04 18:00:00,Lahaul_Spiti,9.2,20.7,60.0,2.68,0.069,0.5,0.113,26.2,10.4,8.6,0
2024-06-05 00:00:00,Solukhumbu_Catchment,24.0,66.7,224.8,8.36,0.784,27.0,2.868,208.9,6.9,6.2,2
2024-06-05 06:00:00,Solukhumbu_Catchment,13.9,35.2,88.7,4.5,0.323,4.5,0.359,82.7,10.5,9.5,1
2024-06-05 12:00:00,Kedarnath_Valley,4.0,8.1,22.4,3.67,0.101,1.1,0.219,42.4,7.2,5.3,0
2024-06-05 18:00:00,Lahaul_Spiti,5.3,12.1,33.4,3.91,0.039,1.0,0.19,38.5,12.5,11.9,0
2024-06-06 00:00:00,Lahaul_Spiti,9.3,28.2,134.9,16.93,1.199,61.5,12.297,358.9,2.6,1.8,3
2024-06-06 06:00:00,Solukhumbu_Catchment,4.8,12.6,54.9,11.53,0.808,45.7,5.361,216.4,2.2,1.6,2
2024-06-06 12:00:00,Teesta_Basin,1.4,3.4,7.7,3.91,0.096,2.4,0.384,30.9,18.0,16.7,0
2024-06-06 18:00:00,Kedarnath_Valley,3.5,8.9,24.0,4.11,0.425,5.5,1.212,77.3,8.7,7.8,1
2024-06-07 00:00:00,Rolwaling_Valley,8.1,24.2,108.3,12.12,0.772,36.4,6.865,198.0,4.8,3.4,2
2024-06-07 06:00:00,Lahaul_Spiti,2.2,4.4,14.6,3.95,0.008,1.2,0.234,41.9,9.5,8.5,0
2024-06-07 12:00:00,Solukhumbu_Catchment,13.4,38.6,171.7,11.98,0.474,16.6,3.543,142.0,8.0,6.8,2
2024-06-07 18:00:00,Lahaul_Spiti,4.7,10.3,29.6,3.69,0.263,1.8,0.271,18.1,12.5,11.1,0
2024-06-08 00:00:00,Lahaul_Spiti,4.8,10.9,30.2,5.25,0.352,5.7,0.788,86.6,16.0,15.3,1
2024-06-08 06:00:00,Kedarnath_Valley,21.1,55.6,216.4,16.22,1.202,103.6,10.487,481.7,7.9,6.8,3
2024-06-08 12:00:00,Lahaul_Spiti,1.6,3.8,8.8,3.9,0.31,1.0,0.144,28.5,8.6,7.1,0
2024-06-08 18:00:00,Solukhumbu_Catchment,1.3,3.2,7.2,4.52,0.131,1.5,0.208,30.9,11.3,10.2,0
2024-06-09 00:00:00,Kedarnath_Valley,7.6,16.7,47.8,3.07,0.067,1.5,0.076,21.8,23.7,22.7,0
2024-06-09 06:00:00,Lahaul_Spiti,3.9,8.5,22.6,3.87,-0.148,0.9,0.117,32.4,14.2,12.4,0
2024-06-09 12:00:00,Rolwaling_Valley,13.0,39.3,119.8,15.27,1.429,89.9,14.744,423.9,3.6,2.8,3
2024-06-09 18:00:00,Kedarnath_Valley,67.7,166.0,660.0,11.06,0.863,20.1,4.489,200.2,8.7,7.3,2
2024-06-10 00:00:00,Solukhumbu_Catchment,16.1,34.4,98.1,6.61,0.545,7.8,0.877,94.6,9.0,7.3,1
2024-06-10 06:00:00,Kedarnath_Valley,3.2,7.9,28.4,3.19,0.584,9.7,1.067,82.5,9.5,8.0,1
2024-06-10 12:00:00,Lahaul_Spiti,3.1,6.6,21.0,4.86,-0.059,0.9,0.21,29.1,2.7,2.0,0
2024-06-10 18:00:00,Solukhumbu_Catchment,0.4,1.0,2.6,3.86,0.08,0.9,0.084,26.5,18.9,18.3,0
2024-06-11 00:00:00,Teesta_Basin,7.6,15.3,57.3,5.66,0.396,4.6,0.693,71.2,6.2,5.1,1
2024-06-11 06:00:00,Lahaul_Spiti,0.7,1.6,4.6,3.46,-0.107,1.1,0.085,25.5,16.0,15.0,0
2024-06-11 12:00:00,Solukhumbu_Catchment,12.6,31.7,122.7,5.77,0.354,4.8,0.599,89.1,11.6,11.0,1
2024-06-11 18:00:00,Lahaul_Spiti,4.6,9.1,27.6,2.55,0.161,0.7,0.04,19.6,10.9,10.3,0
2024-06-12 00:00:00,Teesta_Basin,1.1,2.1,5.0,2.82,0.282,1.7,0.136,27.1,12.5,11.7,0
2024-06-12 06:00:00,Solukhumbu_Catchment,0.6,1.4,4.0,4.4,0.014,1.1,0.09,44.4,12.3,10.9,0
2024-06-12 12:00:00,Lahaul_Spiti,5.3,15.8,60.1,12.74,0.969,29.0,3.691,234.3,4.1,2.8,2
2024-06-12 18:00:00,Teesta_Basin,19.7,48.6,161.5,9.96,0.637,22.5,5.281,150.7,4.2,2.8,2
2024-06-13 00:00:00,Rolwaling_Valley,28.6,73.1,313.5,14.21,0.953,26.6,3.963,160.8,6.8,5.5,2
2024-06-13 06:00:00,Teesta_Basin,0.6,1.5,4.3,2.82,0.255,0.1,0.027,19.2,11.9,10.3,0
2024-06-13 12:00:00,Solukhumbu_Catchment,1.5,4.1,13.8,6.8,0.42,6.0,1.121,86.0,6.6,5.0,1
2024-06-13 18:00:00,Lahaul_Spiti,32.9,73.8,277.0,12.88,0.996,26.4,6.076,206.3,6.9,5.8,2
2024-06-14 00:00:00,Teesta_Basin,8.8,24.0,88.2,6.59,0.43,5.3,1.277,94.9,11.2,10.5,1
2024-06-14 06:00:00,Teesta_Basin,41.6,99.8,427.4,6.16,0.711,19.3,3.332,163.4,7.8,6.6,2
2024-06-14 12:00:00,Rolwaling_Valley,19.2,48.0,178.1,7.86,0.334,7.1,0.607,58.9,11.1,9.6,1
2024-06-14 18:00:00,Teesta_Basin,7.4,15.5,61.2,6.25,0.421,5.5,0.737,70.7,2.8,2.1,1
2024-06-15 00:00:00,Solukhumbu_Catchment,10.2,24.4,85.7,7.04,0.498,4.3,0.716,90.3,13.0,11.5,1
2024-06-15 06:00:00,Lahaul_Spiti,6.4,12.1,27.0,4.29,-0.115,0.7,0.147,31.4,14.2,13.5,0
2024-06-15 12:00:00,Teesta_Basin,6.9,13.3,30.5,3.61,-0.017,1.4,0.242,42.2,9.7,8.6,0
2024-06-15 18:00:00,Teesta_Basin,0.3,0.7,1.7,2.65,0.095,0.6,0.113,22.3,15.4,14.3,0
2024-06-16 00:00:00,Teesta_Basin,5.5,13.7,44.6,6.71,0.43,4.1,0.847,66.6,14.3,13.8,1
2024-06-16 06:00:00,Lahaul_Spiti,8.0,16.0,43.2,2.74,-0.155,0.3,0.032,20.0,12.4,10.6,0
2024-06-16 12:00:00,Teesta_Basin,0.5,1.4,6.3,12.74,0.768,28.3,6.178,245.1,7.6,6.4,2
2024-06-16 18:00:00,Teesta_Basin,0.7,1.6,4.0,4.13,0.135,2.2,0.204,51.5,5.6,4.4,0
2024-06-17 00:00:00,Rolwaling_Valley,7.7,18.4,57.7,8.17,0.497,6.1,1.166,66.6,18.3,16.9,1
2024-06-17 06:00:00,Teesta_Basin,9.4,27.9,107.8,8.2,0.673,23.3,1.986,208.4,10.8,10.0,2
2024-06-17 12:00:00,Solukhumbu_Catchment,11.9,32.1,115.6,7.42,0.428,4.4,0.964,82.0,5.8,4.3,1
2024-06-17 18:00:00,Solukhumbu_Catchment,0.9,2.1,6.3,4.13,-0.269,1.4,0.324,26.1,10.6,9.5,0
2024-06-18 00:00:00,Kedarnath_Valley,0.6,1.2,3.8,4.07,0.052,0.8,0.173,43.9,6.5,5.3,0
2024-06-18 06:00:00,Solukhumbu_Catchment,1.9,3.7,10.9,3.76,0.184,1.8,0.403,36.7,8.6,6.8,0
2024-06-18 12:00:00,Teesta_Basin,0.1,0.2,0.6,5.67,0.263,9.2,1.339,89.6,13.6,12.9,1
2024-06-18 18:00:00,Teesta_Basin,9.2,24.6,64.9,7.46,0.578,4.1,0.658,93.3,7.0,6.4,1
2024-06-19 00:00:00,Rolwaling_Valley,0.6,1.4,4.8,3.66,0.067,2.2,0.499,16.6,15.8,14.5,0
2024-06-19 06:00:00,Kedarnath_Valley,13.5,26.5,78.2,1.95,-0.145,0.9,0.185,27.9,15.7,14.9,0
2024-06-19 12:00:00,Lahaul_Spiti,1.5,3.0,11.6,5.52,-0.093,5.7,0.985,102.9,8.4,7.2,1
2024-06-19 18:00:00,Teesta_Basin,2.6,5.4,20.2,5.22,0.228,2.0,0.32,54.5,13.6,11.9,1
2024-06-20 00:00:00,Solukhumbu_Catchment,5.6,12.9,31.2,3.65,0.033,1.4,0.302,23.4,19.4,18.0,0
2024-06-20 06:00:00,Kedarnath_Valley,6.5,12.0,38.0,3.49,0.173,1.5,0.187,23.7,4.9,3.9,0
2024-06-20 12:00:00,Kedarnath_Valley,1.2,3.1,11.2,6.11,0.447,6.2,0.958,85.4,7.4,5.8,1
2024-06-20 18:00:00,Kedarnath_Valley,3.2,8.6,23.5,6.71,0.419,4.7,0.295,88.0,11.5,9.9,1
2024-06-21 00:00:00,Solukhumbu_Catchment,0.8,2.0,6.6,4.34,0.126,0.7,0.083,29.4,12.7,11.7,0
2024-06-21 06:00:00,Teesta_Basin,2.2,4.8,10.3,3.67,0.048,1.5,0.225,40.6,13.0,12.3,0
2024-06-21 12:00:00,Lahaul_Spiti,6.4,15.4,43.0,3.91,0.002,1.1,0.225,53.3,10.2,9.5,0
2024-06-21 18:00:00,Rolwaling_Valley,2.1,4.2,11.6,2.13,-0.114,1.2,0.074,29.9,11.1,9.7,0
2024-06-22 00:00:00,Solukhumbu_Catchment,0.5,1.0,2.4,3.96,-0.25,0.5,0.102,44.2,16.8,15.5,0
2024-06-22 06:00:00,Rolwaling_Valley,20.7,69.5,218.9,15.35,0.929,80.7,19.941,352.0,0.3,-0.9,3
2024-06-22 12:00:00,Lahaul_Spiti,2.7,6.7,22.5,3.78,-0.095,1.4,0.195,21.4,11.0,10.1,0
2024-06-22 18:00:00,Rolwaling_Valley,4.2,8.7,23.5,3.65,-0.113,1.1,0.121,31.5,16.1,14.3,0
2024-06-23 00:00:00,Teesta_Basin,26.8,67.2,228.2,10.16,1.175,14.7,1.835,127.7,10.0,9.4,2
2024-06-23 06:00:00,Kedarnath_Valley,3.2,8.4,30.1,5.93,0.447,7.8,0.99,49.9,5.3,4.5,1
2024-06-23 12:00:00,Lahaul_Spiti,13.7,28.5,108.7,7.94,0.592,7.8,1.387,69.1,13.8,12.9,1
2024-06-23 18:00:00,Lahaul_Spiti,13.9,32.5,114.1,6.01,0.417,2.5,0.484,94.4,5.0,3.8,1
2024-06-24 00:00:00,Kedarnath_Valley,4.3,11.6,49.8,10.58,0.91,12.6,1.575,200.7,13.4,12.5,2
2024-06-24 06:00:00,Kedarnath_Valley,3.6,7.2,18.7,4.75,0.011,1.3,0.303,51.0,12.2,11.1,0
2024-06-24 12:00:00,Solukhumbu_Catchment,2.7,6.2,19.3,5.78,0.127,4.2,0.448,93.2,11.3,9.8,1
2024-06-24 18:00:00,Teesta_Basin,0.6,1.5,4.4,6.6,0.291,0.0,0.0,92.4,7.3,6.4,1
2024-06-25 00:00:00,Rolwaling_Valley,8.6,16.6,56.2,3.14,0.231,1.4,0.077,27.3,5.1,3.6,0
2024-06-25 06:00:00,Teesta_Basin,4.6,11.5,39.4,4.24,0.236,1.0,0.069,51.3,9.9,9.3,0
2024-06-25 12:00:00,Kedarnath_Valley,24.7,50.2,143.2,5.25,0.35,3.8,0.42,48.4,7.8,6.3,1
2024-06-25 18:00:00,Rolwaling_Valley,18.2,43.5,131.1,4.43,0.484,7.3,0.434,69.6,8.3,7.7,1
2024-06-26 00:00:00,Lahaul_Spiti,6.6,14.5,50.1,2.86,-0.302,1.5,0.248,26.2,5.7,5.0,0
2024-06-26 06:00:00,Lahaul_Spiti,74.4,186.5,786.4,8.69,0.874,34.2,4.293,228.6,7.0,5.7,2
2024-06-26 12:00:00,Solukhumbu_Catchment,4.0,9.4,29.2,6.27,0.344,3.2,0.789,76.3,8.9,8.3,1
2024-06-26 18:00:00,Kedarnath_Valley,4.8,10.1,33.5,2.36,-0.168,1.4,0.303,27.3,13.8,13.1,0
2024-06-27 00:00:00,Rolwaling_Valley,9.0,26.7,110.6,15.33,1.066,59.1,10.777,346.2,7.6,6.9,3
2024-06-27 06:00:00,Kedarnath_Valley,12.0,28.3,75.7,3.85,0.155,1.4,0.088,36.5,16.4,15.5,0
2024-06-27 12:00:00,Kedarnath_Valley,1.5,3.6,9.3,3.31,-0.088,1.1,0.157,29.8,17.8,17.0,0
2024-06-27 18:00:00,Rolwaling_Valley,0.5,1.0,2.2,2.86,-0.005,1.3,0.165,34.8,17.1,15.9,0
2024-06-28 00:00:00,Rolwaling_Valley,2.1,4.0,12.3,2.82,0.087,1.1,0.133,28.2,8.6,7.4,0
2024-06-28 06:00:00,Rolwaling_Valley,20.0,46.8,142.9,9.53,0.908,28.9,4.322,196.2,1.3,0.2,2
2024-06-28 12:00:00,Lahaul_Spiti,4.8,11.8,29.3,4.86,-0.035,1.7,0.24,37.0,10.8,10.2,0
2024-06-28 18:00:00,Lahaul_Spiti,1.9,5.1,14.9,7.26,0.576,5.4,0.314,110.2,11.2,10.2,1
2024-06-29 00:00:00,Rolwaling_Valley,25.8,63.2,267.1,8.79,0.895,44.6,6.579,162.9,13.4,12.2,2
2024-06-29 06:00:00,Lahaul_Spiti,10.1,26.4,74.4,5.9,0.293,4.7,0.774,84.0,9.2,8.5,1
2024-06-29 12:00:00,Teesta_Basin,0.8,1.5,3.4,4.6,0.251,1.3,0.203,34.2,10.8,9.1,0
2024-06-29 18:00:00,Lahaul_Spiti,35.8,98.9,364.1,10.25,0.771,24.6,4.443,198.5,8.6,7.1,2
2024-06-30 00:00:00,Lahaul_Spiti,20.3,54.1,165.6,7.86,0.577,5.2,0.811,78.1,7.9,6.4,1
2024-06-30 06:00:00,Solukhumbu_Catchment,0.2,0.4,0.8,3.3,-0.017,0.8,0.13,19.0,13.9,12.0,0
2024-06-30 12:00:00,Lahaul_Spiti,1.6,3.9,8.9,3.8,-0.066,1.4,0.351,14.3,12.2,10.8,0
2024-06-30 18:00:00,Kedarnath_Valley,1.9,4.4,15.6,7.74,0.41,4.6,0.473,76.8,9.9,8.8,1
2024-07-01 00:00:00,Solukhumbu_Catchment,2.4,5.1,11.2,5.66,0.153,0.8,0.193,26.9,12.7,11.9,0
2024-07-01 06:00:00,Kedarnath_Valley,9.1,18.7,59.4,3.57,0.085,2.1,0.18,27.5,9.9,8.5,0
2024-07-01 12:00:00,Solukhumbu_Catchment,28.9,86.2,382.4,16.03,1.289,54.7,11.261,443.1,2.5,1.9,3
2024-07-01 18:00:00,Teesta_Basin,0.2,0.4,1.3,5.64,0.717,6.3,0.521,63.5,11.8,11.0,1
2024-07-02 00:00:00,Kedarnath_Valley,39.1,127.0,515.3,20.45,0.986,66.8,4.553,369.2,2.6,1.9,3
2024-07-02 06:00:00,Solukhumbu_Catchment,15.9,34.6,133.3,7.79,0.564,0.3,0.033,59.0,8.1,7.4,1
2024-07-02 12:00:00,Lahaul_Spiti,2.9,6.6,20.5,2.18,-0.045,1.4,0.181,46.9,8.3,6.6,0
2024-07-02 18:00:00,Solukhumbu_Catchment,1.7,3.3,10.1,2.46,-0.124,1.5,0.171,19.9,14.0,12.9,0
2024-07-03 00:00:00,Teesta_Basin,5.5,12.7,46.5,5.05,0.368,7.3,1.182,74.4,8.2,6.7,1
2024-07-03 06:00:00,Lahaul_Spiti,17.4,47.3,182.6,7.48,0.258,1.4,0.168,61.9,5.6,4.5,1
2024-07-03 12:00:00,Kedarnath_Valley,3.3,7.2,24.3,3.39,0.155,1.3,0.162,15.1,16.2,15.5,0
2024-07-03 18:00:00,Rolwaling_Valley,0.0,0.0,0.0,2.91,-0.091,0.9,0.179,43.1,17.0,16.4,0
2024-07-04 00:00:00,Teesta_Basin,10.2,25.3,87.8,8.23,0.892,20.5,2.83,209.5,12.6,11.8,2
2024-07-04 06:00:00,Kedarnath_Valley,2.9,8.1,28.0,8.08,0.571,8.0,1.289,37.3,9.2,8.2,1
2024-07-04 12:00:00,Lahaul_Spiti,7.1,18.1,57.2,5.3,0.633,6.5,1.471,85.4,14.6,13.5,1
2024-07-04 18:00:00,Lahaul_Spiti,0.2,0.5,1.1,2.92,-0.004,1.0,0.114,21.2,14.5,13.2,0
2024-07-05 00:00:00,Teesta_Basin,11.8,23.7,78.8,4.43,0.423,6.8,1.209,57.7,11.7,10.7,1
2024-07-05 06:00:00,Solukhumbu_Catchment,12.4,27.7,94.5,7.16,0.908,23.6,2.463,243.5,5.9,5.0,2
2024-07-05 12:00:00,Kedarnath_Valley,4.8,11.2,35.3,2.72,0.135,2.3,0.138,37.8,20.8,19.6,0
2024-07-05 18:00:00,Solukhumbu_Catchment,17.7,40.9,116.3,10.62,0.947,30.3,2.642,142.1,9.9,9.1,2
2024-07-06 00:00:00,Kedarnath_Valley,6.2,16.2,54.9,4.31,0.35,7.1,0.552,99.2,12.4,11.9,1
2024-07-06 06:00:00,Lahaul_Spiti,2.9,6.4,18.8,4.03,0.134,1.2,0.244,29.8,12.8,11.3,0
2024-07-06 12:00:00,Teesta_Basin,7.1,15.1,31.7,4.02,0.005,1.8,0.179,43.4,18.1,17.3,0
2024-07-06 18:00:00,Rolwaling_Valley,2.4,5.4,11.0,3.46,0.202,1.8,0.134,30.1,10.7,8.7,0
2024-07-07 00:00:00,Kedarnath_Valley,3.2,6.7,13.6,3.59,0.363,0.5,0.046,29.2,19.9,18.0,0
2024-07-07 06:00:00,Rolwaling_Valley,6.4,12.2,40.6,2.87,0.041,1.1,0.159,24.0,3.7,2.6,0
2024-07-07 12:00:00,Teesta_Basin,2.3,5.2,14.6,2.8,0.18,1.5,0.318,46.9,10.3,9.5,0
2024-07-07 18:00:00,Lahaul_Spiti,0.0,0.1,0.1,1.56,0.105,2.2,0.134,23.7,13.3,12.7,0
2024-07-08 00:00:00,Teesta_Basin,0.8,1.8,5.6,2.2,-0.047,1.5,0.168,25.7,8.5,7.2,0
2024-07-08 06:00:00,Solukhumbu_Catchment,8.3,22.1,80.5,9.32,0.719,7.1,1.219,72.3,9.9,9.4,1
2024-07-08 12:00:00,Kedarnath_Valley,0.9,1.8,5.5,6.77,0.383,6.8,1.525,78.6,16.1,15.4,1
2024-07-08 18:00:00,Teesta_Basin,9.6,28.5,122.2,12.11,0.585,22.8,2.415,129.1,4.5,3.5,2
2024-07-09 00:00:00,Kedarnath_Valley,23.4,65.5,230.9,11.41,0.936,33.6,2.973,181.1,10.3,9.8,2
2024-07-09 06:00:00,Teesta_Basin,3.6,8.6,17.5,2.3,0.026,0.9,0.086,27.1,14.4,13.5,0
2024-07-09 12:00:00,Kedarnath_Valley,15.5,42.4,125.4,4.69,0.278,10.9,1.333,51.6,8.4,6.9,1
2024-07-09 18:00:00,Kedarnath_Valley,5.4,13.1,33.2,4.45,0.396,5.5,0.374,89.7,4.4,2.7,1
2024-07-10 00:00:00,Teesta_Basin,20.6,60.9,249.4,10.36,0.503,22.7,3.585,101.2,5.5,4.3,2
2024-07-10 06:00:00,Rolwaling_Valley,5.1,10.7,28.0,5.72,0.462,4.8,1.108,84.2,6.3,5.7,1
2024-07-10 12:00:00,Solukhumbu_Catchment,15.9,40.4,131.7,6.31,0.491,3.9,0.416,75.4,8.1,6.5,1
2024-07-10 18:00:00,Teesta_Basin,2.3,4.6,15.3,3.1,0.151,0.9,0.085,21.7,10.8,10.2,0
2024-07-11 00:00:00,Solukhumbu_Catchment,3.4,6.4,15.7,3.42,-0.169,0.9,0.059,29.3,11.1,10.6,0
2024-07-11 06:00:00,Kedarnath_Valley,0.4,0.8,1.7,3.4,-0.155,2.0,0.333,32.0,20.4,18.5,0
2024-07-11 12:00:00,Rolwaling_Valley,4.0,8.0,26.0,2.92,0.251,0.9,0.069,30.1,6.5,4.7,0
2024-07-11 18:00:00,Teesta_Basin,7.1,13.0,26.8,2.62,-0.099,0.5,0.036,41.6,14.9,13.1,0
2024-07-12 00:00:00,Rolwaling_Valley,38.8,129.8,409.6,16.23,1.035,79.2,11.004,474.8,6.0,4.9,3
2024-07-12 06:00:00,Lahaul_Spiti,11.5,26.2,102.4,3.59,0.291,6.4,0.892,102.6,10.2,9.6,1
2024-07-12 12:00:00,Rolwaling_Valley,76.1,255.6,1128.7,16.45,0.985,73.2,6.354,336.7,5.4,5.0,3
2024-07-12 18:00:00,Kedarnath_Valley,1.3,2.9,7.3,3.08,0.097,0.5,0.109,24.3,5.8,4.3,0
2024-07-13 00:00:00,Kedarnath_Valley,1.4,4.1,15.2,18.69,0.969,75.0,13.07,432.8,7.6,6.8,3
2024-07-13 06:00:00,Solukhumbu_Catchment,8.5,23.0,75.5,5.41,0.607,3.4,0.362,64.3,6.4,5.4,1
2024-07-13 12:00:00,Solukhumbu_Catchment,11.8,28.1,98.0,2.91,0.004,0.2,0.042,34.8,11.4,10.5,0
2024-07-13 18:00:00,Solukhumbu_Catchment,2.3,5.8,19.5,7.85,0.326,8.2,0.871,86.9,10.5,9.1,1
2024-07-14 00:00:00,Lahaul_Spiti,1.5,3.2,6.5,1.84,0.194,0.8,0.124,32.5,10.8,10.2,0
2024-07-14 06:00:00,Lahaul_Spiti,3.1,5.9,19.3,3.7,0.196,0.7,0.169,24.0,17.0,15.1,0
2024-07-14 12:00:00,Solukhumbu_Catchment,4.9,9.2,24.7,3.75,0.027,2.1,0.32,21.1,7.4,6.3,0
2024-07-14 18:00:00,Solukhumbu_Catchment,11.2,32.8,147.2,9.55,0.708,14.5,2.323,176.1,3.4,2.6,2
2024-07-15 00:00:00,Lahaul_Spiti,1.0,2.4,4.8,3.59,0.152,1.1,0.106,45.8,18.7,17.7,0
2024-07-15 06:00:00,Teesta_Basin,0.2,0.5,1.8,6.82,0.448,3.5,0.393,70.5,7.6,6.4,1
2024-07-15 12:00:00,Lahaul_Spiti,1.9,3.5,11.0,2.16,0.222,0.2,0.026,41.7,13.1,12.5,0
2024-07-15 18:00:00,Teesta_Basin,0.8,1.6,5.0,3.93,-0.015,1.5,0.294,37.4,7.9,6.6,0
2024-07-16 00:00:00,Lahaul_Spiti,5.1,12.2,37.7,4.65,-0.093,1.8,0.163,29.4,3.4,2.5,0
2024-07-16 06:00:00,Solukhumbu_Catchment,1.7,4.0,12.4,4.16,0.167,1.4,0.181,38.3,4.9,4.1,0
2024-07-16 12:00:00,Rolwaling_Valley,12.3,29.2,79.7,7.05,0.584,7.4,1.167,62.3,14.2,13.1,1
2024-07-16 18:00:00,Solukhumbu_Catchment,32.4,90.1,424.1,13.9,1.373,105.6,23.356,411.7,7.7,6.9,3
2024-07-17 00:00:00,Teesta_Basin,0.5,1.2,3.1,3.57,0.048,2.2,0.478,27.4,20.7,19.4,0
2024-07-17 06:00:00,Solukhumbu_Catchment,17.2,39.6,147.2,7.12,0.397,5.5,0.925,81.5,13.5,11.8,1
2024-07-17 12:00:00,Teesta_Basin,36.6,101.4,426.6,11.99,0.576,13.9,2.886,225.4,6.5,5.9,2
2024-07-17 18:00:00,Lahaul_Spiti,14.8,47.7,144.3,18.71,1.205,53.2,13.172,382.3,3.8,3.1,3
2024-07-18 00:00:00,Rolwaling_Valley,174.2,498.4,1603.7,15.02,1.303,93.2,21.879,292.6,0.4,-0.5,3
2024-07-18 06:00:00,Kedarnath_Valley,1.7,4.1,10.3,4.7,0.685,8.5,1.314,98.7,13.4,12.5,1
2024-07-18 12:00:00,Kedarnath_Valley,3.8,8.0,26.3,4.3,0.062,0.8,0.127,28.5,18.5,17.5,0
2024-07-18 18:00:00,Lahaul_Spiti,3.1,7.7,23.3,7.43,0.549,3.4,0.218,57.2,3.1,1.5,1
2024-07-19 00:00:00,Teesta_Basin,38.9,111.4,387.8,10.5,0.892,30.8,3.539,169.8,7.4,6.3,2
2024-07-19 06:00:00,Rolwaling_Valley,1.1,2.1,5.0,2.75,0.048,1.0,0.173,35.0,14.7,13.6,0
2024-07-19 12:00:00,Kedarnath_Valley,1.4,3.2,7.0,2.9,0.115,1.2,0.129,32.6,13.9,12.4,0
2024-07-19 18:00:00,Kedarnath_Valley,2.4,4.4,11.4,3.85,0.285,1.5,0.202,31.6,7.4,5.4,0
2024-07-20 00:00:00,Kedarnath_Valley,5.0,10.1,30.1,3.83,0.217,0.7,0.054,37.2,6.6,5.7,0
2024-07-20 06:00:00,Teesta_Basin,1.1,2.6,7.5,4.36,-0.127,1.8,0.386,32.2,19.5,18.4,0
2024-07-20 12:00:00,Lahaul_Spiti,14.4,43.1,208.0,12.19,1.276,92.9,16.9,359.1,5.6,4.7,3
2024-07-20 18:00:00,Rolwaling_Valley,0.6,1.0,3.0,4.24,0.142,1.4,0.085,49.8,14.3,13.8,0
2024-07-21 00:00:00,Solukhumbu_Catchment,0.3,0.7,2.0,2.79,0.2,1.0,0.189,39.1,17.4,16.2,0
2024-07-21 06:00:00,Solukhumbu_Catchment,1.2,3.0,9.6,12.1,0.629,24.2,1.225,206.1,1.8,0.5,2
2024-07-21 12:00:00,Lahaul_Spiti,29.1,84.3,331.3,9.5,0.9,18.1,1.576,248.6,5.5,4.5,2
2024-07-21 18:00:00,Teesta_Basin,2.9,7.1,17.7,4.17,0.289,1.2,0.204,11.2,12.8,11.9,0
2024-07-22 00:00:00,Solukhumbu_Catchment,5.5,12.8,34.4,2.97,0.207,1.2,0.175,38.2,5.9,4.1,0
2024-07-22 06:00:00,Solukhumbu_Catchment,2.2,5.4,17.5,2.85,0.153,1.9,0.412,32.0,11.2,9.8,0
2024-07-22 12:00:00,Kedarnath_Valley,12.5,43.3,157.0,17.4,1.222,86.8,9.791,350.9,3.5,3.1,3
2024-07-22 18:00:00,Rolwaling_Valley,3.3,7.9,23.6,3.93,-0.044,0.8,0.11,28.4,5.3,4.2,0
2024-07-23 00:00:00,Solukhumbu_Catchment,6.0,14.0,42.3,2.41,-0.212,0.9,0.058,24.4,8.0,6.8,0
2024-07-23 06:00:00,Teesta_Basin,5.0,10.5,29.7,6.57,0.384,4.5,0.288,54.6,9.4,8.5,1
2024-07-23 12:00:00,Rolwaling_Valley,1.7,3.5,11.3,3.2,0.17,0.8,0.079,28.1,11.8,11.1,0
2024-07-23 18:00:00,Lahaul_Spiti,11.1,28.0,94.0,12.94,0.897,20.1,3.752,164.8,6.2,4.7,2
2024-07-24 00:00:00,Solukhumbu_Catchment,1.2,3.0,8.6,2.81,0.017,0.9,0.191,41.5,11.5,10.3,0
2024-07-24 06:00:00,Solukhumbu_Catchment,4.1,10.3,28.5,6.69,0.386,6.0,1.02,62.7,11.2,10.6,1
2024-07-24 12:00:00,Solukhumbu_Catchment,2.6,5.9,14.8,2.9,0.08,0.7,0.077,34.3,7.9,6.3,0
2024-07-24 18:00:00,Solukhumbu_Catchment,0.6,1.1,2.2,2.67,0.076,1.9,0.241,34.2,20.6,19.4,0
2024-07-25 00:00:00,Solukhumbu_Catchment,21.6,62.1,260.9,10.77,0.64,26.1,2.985,220.0,6.0,4.6,2
2024-07-25 06:00:00,Solukhumbu_Catchment,2.1,4.3,13.1,3.47,-0.153,1.1,0.241,19.2,12.2,10.9,0
2024-07-25 12:00:00,Kedarnath_Valley,1.1,2.3,7.3,5.9,0.215,6.3,0.468,86.5,8.6,7.0,1
2024-07-25 18:00:00,Rolwaling_Valley,8.6,22.2,93.1,7.85,0.955,31.9,7.939,195.3,3.0,2.0,2
2024-07-26 00:00:00,Lahaul_Spiti,1.3,2.9,11.5,6.22,0.392,2.6,0.266,66.7,11.4,9.9,1
2024-07-26 06:00:00,Teesta_Basin,0.6,1.2,3.1,3.28,0.256,2.0,0.38,38.0,14.4,12.9,0
2024-07-26 12:00:00,Kedarnath_Valley,1.7,3.6,10.9,3.74,-0.173,0.8,0.171,31.1,11.8,10.1,0
2024-07-26 18:00:00,Solukhumbu_Catchment,3.4,6.4,12.9,3.4,0.179,0.6,0.047,33.6,10.4,9.7,0
2024-07-27 00:00:00,Kedarnath_Valley,1.2,2.8,6.2,2.83,0.17,1.2,0.143,13.6,12.6,10.9,0
2024-07-27 06:00:00,Solukhumbu_Catchment,0.5,1.3,5.0,6.69,0.415,7.6,0.473,83.7,7.9,6.5,1
2024-07-27 12:00:00,Lahaul_Spiti,1.7,4.5,13.5,8.78,0.722,16.0,2.885,162.2,11.5,10.4,2
2024-07-27 18:00:00,Teesta_Basin,2.1,4.0,12.4,3.17,0.08,1.0,0.206,42.4,15.4,14.6,0
2024-07-28 00:00:00,Teesta_Basin,45.8,135.3,510.1,14.54,0.428,28.1,4.873,182.8,8.4,7.8,2
2024-07-28 06:00:00,Solukhumbu_Catchment,4.8,14.8,63.4,10.11,1.334,88.8,10.988,353.1,4.0,3.6,3
2024-07-28 12:00:00,Lahaul_Spiti,5.9,14.0,44.1,2.44,-0.016,0.6,0.046,28.3,12.5,11.5,0
2024-07-28 18:00:00,Lahaul_Spiti,2.3,7.7,24.1,17.63,1.179,77.3,6.714,386.4,2.2,1.7,3
2024-07-29 00:00:00,Kedarnath_Valley,8.3,18.3,52.7,3.81,-0.015,1.4,0.287,33.7,14.5,12.8,0
2024-07-29 06:00:00,Kedarnath_Valley,0.0,0.1,0.2,3.38,-0.123,1.1,0.245,17.7,13.0,11.0,0
2024-07-29 12:00:00,Rolwaling_Valley,2.9,5.9,14.9,2.15,0.151,0.8,0.184,19.5,14.1,13.1,0
2024-07-29 18:00:00,Lahaul_Spiti,0.4,0.8,2.1,5.0,-0.029,0.9,0.162,33.8,11.3,9.7,0
2024-07-30 00:00:00,Kedarnath_Valley,2.2,5.1,17.0,4.18,0.029,1.3,0.31,38.8,14.1,12.4,0
2024-07-30 06:00:00,Kedarnath_Valley,0.2,0.4,0.9,4.18,0.361,0.8,0.108,46.9,8.5,7.7,0
2024-07-30 12:00:00,Solukhumbu_Catchment,4.3,8.0,21.8,2.8,0.119,0.8,0.177,33.8,18.3,17.3,0
2024-07-30 18:00:00,Kedarnath_Valley,2.1,5.1,14.7,12.56,1.224,11.9,1.739,178.7,3.9,3.4,2
2024-07-31 00:00:00,Rolwaling_Valley,37.4,102.2,319.4,16.55,1.128,82.3,5.24,518.8,4.9,4.3,3
2024-07-31 06:00:00,Rolwaling_Valley,6.7,19.7,64.2,10.76,0.582,39.9,2.142,151.0,4.4,3.4,2
2024-07-31 12:00:00,Teesta_Basin,1.5,4.5,16.3,19.01,1.015,65.9,7.364,361.8,3.6,3.0,3
2024-07-31 18:00:00,Solukhumbu_Catchment,1.4,3.3,7.4,4.07,0.06,0.8,0.049,37.0,15.4,14.0,0
2024-08-01 00:00:00,Kedarnath_Valley,2.4,5.2,13.8,4.1,-0.096,1.0,0.076,23.6,10.0,8.1,0
2024-08-01 06:00:00,Teesta_Basin,7.9,18.0,61.5,2.67,0.012,1.0,0.256,14.7,13.8,12.3,0
2024-08-01 12:00:00,Solukhumbu_Catchment,0.0,0.1,0.3,4.93,0.075,0.7,0.066,33.8,13.9,13.0,0
2024-08-01 18:00:00,Lahaul_Spiti,11.0,28.7,106.4,13.86,0.857,10.0,2.062,183.3,3.8,2.7,2
2024-08-02 00:00:00,Rolwaling_Valley,0.1,0.2,0.5,5.28,0.511,5.9,0.956,70.7,3.8,2.6,1
2024-08-02 06:00:00,Teesta_Basin,7.9,18.2,57.3,6.13,0.58,9.4,0.805,77.1,10.7,9.7,1
2024-08-02 12:00:00,Solukhumbu_Catchment,0.7,1.7,5.2,2.41,0.328,0.7,0.127,34.7,9.9,8.1,0
2024-08-02 18:00:00,Kedarnath_Valley,17.2,45.7,155.3,7.13,0.373,7.5,0.879,106.7,9.9,9.1,1
2024-08-03 00:00:00,Rolwaling_Valley,27.4,56.0,151.1,4.48,0.486,7.2,1.401,84.8,7.8,6.5,1
2024-08-03 06:00:00,Kedarnath_Valley,16.6,40.8,161.1,12.2,0.747,31.8,6.801,197.7,9.9,8.4,2
2024-08-03 12:00:00,Teesta_Basin,0.3,0.6,2.0,12.35,0.609,19.6,1.274,226.6,8.9,7.4,2
2024-08-03 18:00:00,Solukhumbu_Catchment,20.1,46.7,135.9,14.4,0.722,39.6,8.338,175.0,8.8,7.8,2
2024-08-04 00:00:00,Rolwaling_Valley,13.9,30.3,80.4,6.21,0.413,5.5,0.632,101.5,10.1,9.1,1
2024-08-04 06:00:00,Lahaul_Spiti,10.4,22.3,50.3,4.16,0.168,1.9,0.424,28.9,16.4,15.8,0
2024-08-04 12:00:00,Rolwaling_Valley,5.8,14.1,51.7,7.68,0.344,8.4,1.049,82.4,8.0,7.1,1
2024-08-04 18:00:00,Rolwaling_Valley,8.4,20.9,69.1,14.19,0.627,19.3,3.772,209.5,9.5,8.9,2
2024-08-05 00:00:00,Lahaul_Spiti,1.3,2.8,9.5,2.35,0.325,1.1,0.177,30.2,9.4,8.7,0
2024-08-05 06:00:00,Rolwaling_Valley,42.8,102.8,446.6,10.34,0.746,32.9,4.833,180.0,5.1,4.6,2
2024-08-05 12:00:00,Rolwaling_Valley,3.3,6.8,20.4,3.67,-0.151,1.4,0.15,32.9,17.3,15.3,0
2024-08-05 18:00:00,Teesta_Basin,1.8,4.1,9.1,4.5,0.044,1.1,0.069,41.1,9.9,8.4,0
2024-08-06 00:00:00,Teesta_Basin,13.2,38.7,157.6,8.23,0.624,22.9,2.264,198.4,14.6,13.9,2
2024-08-06 06:00:00,Solukhumbu_Catchment,0.1,0.3,1.1,6.67,0.381,5.7,1.38,76.7,11.9,10.4,1
2024-08-06 12:00:00,Solukhumbu_Catchment,12.8,34.6,88.1,6.26,0.4,7.8,1.744,74.7,14.2,13.0,1
2024-08-06 18:00:00,Solukhumbu_Catchment,16.5,48.3,200.1,11.59,0.723,22.6,4.909,175.7,5.2,4.1,2
2024-08-07 00:00:00,Teesta_Basin,1.2,2.1,4.8,2.77,0.065,0.8,0.127,39.3,18.0,16.6,0
2024-08-07 06:00:00,Teesta_Basin,3.6,8.1,17.7,2.41,0.369,1.1,0.254,38.4,15.5,13.7,0
2024-08-07 12:00:00,Teesta_Basin,15.0,32.2,82.9,4.94,0.373,8.6,0.593,94.1,11.0,9.4,1
2024-08-07 18:00:00,Solukhumbu_Catchment,0.7,1.5,3.4,2.93,0.106,0.7,0.047,20.8,9.1,7.2,0
2024-08-08 00:00:00,Lahaul_Spiti,7.3,17.4,57.9,12.19,0.738,27.1,2.689,171.8,6.2,5.1,2
2024-08-08 06:00:00,Teesta_Basin,20.7,67.9,213.4,15.69,1.177,21.7,5.302,424.4,3.8,3.3,3
2024-08-08 12:00:00,Lahaul_Spiti,13.6,30.3,118.3,5.2,0.428,2.8,0.621,76.3,6.3,5.6,1
2024-08-08 18:00:00,Teesta_Basin,14.6,43.6,126.6,9.86,0.829,39.8,8.203,248.7,3.3,2.3,2
2024-08-09 00:00:00,Teesta_Basin,0.6,1.8,7.6,19.73,1.023,85.5,17.207,546.8,6.0,5.1,3
2024-08-09 06:00:00,Solukhumbu_Catchment,2.1,4.9,14.6,2.97,0.214,1.3,0.221,27.1,8.3,7.4,0
2024-08-09 12:00:00,Lahaul_Spiti,1.0,1.9,5.1,3.37,0.056,1.2,0.185,36.3,7.6,6.2,0
2024-08-09 18:00:00,Teesta_Basin,8.0,15.5,47.0,2.79,0.062,2.0,0.404,20.0,19.5,17.7,0
2024-08-10 00:00:00,Kedarnath_Valley,29.6,72.3,324.7,12.06,0.708,25.2,4.961,222.3,3.0,2.4,2
2024-08-10 06:00:00,Lahaul_Spiti,0.2,0.6,1.9,2.77,-0.064,1.2,0.242,40.7,14.0,12.9,0
2024-08-10 12:00:00,Kedarnath_Valley,0.6,1.2,3.9,1.51,0.053,1.2,0.08,41.4,6.3,4.7,0
2024-08-10 18:00:00,Kedarnath_Valley,3.4,6.8,15.7,2.95,0.132,1.7,0.25,37.6,7.9,6.4,0
2024-08-11 00:00:00,Rolwaling_Valley,5.0,10.1,23.0,2.49,0.035,0.8,0.064,22.4,15.3,13.8,0
2024-08-11 06:00:00,Rolwaling_Valley,2.6,4.8,11.6,2.14,-0.331,1.1,0.247,33.4,10.6,10.1,0
2024-08-11 12:00:00,Solukhumbu_Catchment,0.4,1.0,2.9,6.23,0.385,2.9,0.543,68.4,15.7,14.8,1
2024-08-11 18:00:00,Kedarnath_Valley,6.1,17.3,57.6,9.36,0.643,26.6,2.112,132.0,4.4,3.5,2
2024-08-12 00:00:00,Teesta_Basin,0.4,0.7,2.5,3.08,0.138,1.6,0.214,30.5,18.8,17.1,0
2024-08-12 06:00:00,Kedarnath_Valley,12.3,32.8,142.5,6.85,0.758,26.9,5.269,188.7,7.1,6.4,2
2024-08-12 12:00:00,Solukhumbu_Catchment,13.3,34.9,118.9,13.47,0.628,29.0,2.959,147.8,8.7,8.0,2
2024-08-12 18:00:00,Solukhumbu_Catchment,152.3,391.2,1565.0,12.28,0.933,31.1,7.585,222.9,5.5,4.5,2
2024-08-13 00:00:00,Kedarnath_Valley,25.7,77.6,386.7,16.72,1.167,70.5,6.563,349.6,1.5,0.9,3
2024-08-13 06:00:00,Kedarnath_Valley,5.0,11.3,38.5,2.29,0.327,1.2,0.246,31.3,16.8,15.3,0
2024-08-13 12:00:00,Solukhumbu_Catchment,2.2,5.7,16.5,5.81,0.468,7.3,1.437,60.7,8.8,7.7,1
2024-08-13 18:00:00,Teesta_Basin,32.7,97.4,311.1,9.23,0.686,31.3,2.625,142.8,6.3,5.6,2
2024-08-14 00:00:00,Rolwaling_Valley,8.1,16.7,34.4,4.12,0.243,1.5,0.1,33.8,0.6,-1.0,0
2024-08-14 06:00:00,Lahaul_Spiti,1.5,3.1,8.5,3.74,0.006,2.9,0.308,28.3,12.4,11.0,0
2024-08-14 12:00:00,Kedarnath_Valley,2.3,5.2,11.4,4.71,0.133,2.2,0.251,32.6,12.1,11.1,0
2024-08-14 18:00:00,Teesta_Basin,3.0,6.3,16.7,2.19,0.151,1.1,0.195,36.4,3.7,2.0,0
2024-08-15 00:00:00,Lahaul_Spiti,0.6,1.1,2.9,3.55,-0.03,1.3,0.307,35.0,9.0,7.6,0
2024-08-15 06:00:00,Rolwaling_Valley,1.8,3.4,10.0,2.63,0.118,1.1,0.211,16.6,9.1,7.5,0
2024-08-15 12:00:00,Solukhumbu_Catchment,1.5,2.9,8.4,3.19,0.077,1.8,0.429,16.3,17.2,15.9,0
2024-08-15 18:00:00,Kedarnath_Valley,16.9,41.4,165.0,4.87,0.249,3.7,0.656,66.6,14.4,13.1,1
2024-08-16 00:00:00,Teesta_Basin,2.2,4.4,10.8,3.94,0.021,2.7,0.486,23.8,4.3,2.7,0
2024-08-16 06:00:00,Rolwaling_Valley,26.4,73.5,233.9,5.97,0.435,6.3,1.406,88.0,13.6,12.9,1
2024-08-16 12:00:00,Teesta_Basin,3.7,9.0,19.4,3.48,-0.033,1.8,0.344,28.7,11.1,9.3,0
2024-08-16 18:00:00,Rolwaling_Valley,3.4,9.4,29.5,7.89,0.604,5.8,0.92,75.7,8.5,6.8,1
2024-08-17 00:00:00,Kedarnath_Valley,5.4,10.3,29.1,3.48,0.057,2.0,0.434,40.1,12.6,11.9,0
2024-08-17 06:00:00,Kedarnath_Valley,0.7,1.9,6.0,6.56,0.58,2.7,0.307,52.3,11.0,10.3,1
2024-08-17 12:00:00,Teesta_Basin,3.4,9.4,33.3,6.38,0.176,5.3,1.073,101.3,10.2,9.2,1
2024-08-17 18:00:00,Rolwaling_Valley,10.5,29.0,122.1,4.01,0.852,22.3,1.585,125.1,3.8,2.9,2
2024-08-18 00:00:00,Solukhumbu_Catchment,20.5,51.7,151.8,7.25,0.415,7.2,1.573,68.1,12.1,10.3,1
2024-08-18 06:00:00,Rolwaling_Valley,0.1,0.1,0.3,3.98,0.122,2.0,0.258,27.3,14.9,13.8,0
2024-08-18 12:00:00,Lahaul_Spiti,19.1,43.6,133.3,8.22,0.589,34.1,3.312,222.6,4.9,3.5,2
2024-08-18 18:00:00,Teesta_Basin,16.1,45.6,145.2,15.62,1.28,67.5,3.464,371.1,0.2,-0.7,3
2024-08-19 00:00:00,Rolwaling_Valley,76.6,183.6,535.8,15.24,0.935,28.1,5.563,173.7,11.8,11.0,2
2024-08-19 06:00:00,Kedarnath_Valley,30.5,73.3,232.7,7.51,0.363,7.1,0.805,103.7,8.8,7.6,1
2024-08-19 12:00:00,Solukhumbu_Catchment,3.4,8.0,26.3,4.64,0.098,0.8,0.169,33.4,7.6,6.9,0
2024-08-19 18:00:00,Solukhumbu_Catchment,10.6,21.9,56.4,5.3,0.389,7.5,0.403,86.1,9.0,7.4,1
2024-08-20 00:00:00,Lahaul_Spiti,6.4,14.3,45.7,3.31,-0.205,0.8,0.108,23.8,10.7,9.6,0
2024-08-20 06:00:00,Lahaul_Spiti,29.0,75.2,260.0,5.49,0.421,2.8,0.226,72.2,9.3,8.7,1
2024-08-20 12:00:00,Teesta_Basin,0.9,2.8,12.2,8.1,0.897,17.4,2.368,260.3,6.5,5.6,2
2024-08-20 18:00:00,Solukhumbu_Catchment,0.9,1.7,5.1,3.32,0.139,1.5,0.299,29.9,12.9,10.9,0
2024-08-21 00:00:00,Solukhumbu_Catchment,3.9,8.8,26.9,4.28,-0.107,0.7,0.149,31.0,12.2,10.4,0
2024-08-21 06:00:00,Teesta_Basin,37.4,91.7,406.7,8.86,0.67,10.0,2.209,191.4,6.0,5.0,2
2024-08-21 12:00:00,Teesta_Basin,5.2,12.4,39.4,3.51,0.078,0.8,0.198,35.4,8.0,7.3,0
2024-08-21 18:00:00,Kedarnath_Valley,49.7,172.1,756.4,16.4,1.299,52.9,4.434,369.3,3.2,2.9,3
2024-08-22 00:00:00,Solukhumbu_Catchment,13.0,30.6,110.6,7.57,0.515,4.9,0.619,70.4,13.6,11.8,1
2024-08-22 06:00:00,Solukhumbu_Catchment,40.1,106.0,377.9,8.29,0.603,20.3,3.333,172.7,9.9,9.0,2
2024-08-22 12:00:00,Solukhumbu_Catchment,17.0,38.1,109.0,11.7,0.719,23.7,3.052,155.9,5.5,4.5,2
2024-08-22 18:00:00,Kedarnath_Valley,5.0,10.6,34.3,4.25,0.548,8.0,0.548,92.9,9.8,9.0,1
2024-08-23 00:00:00,Lahaul_Spiti,33.0,84.3,344.5,10.55,0.607,30.1,4.042,176.6,5.5,4.5,2
2024-08-23 06:00:00,Kedarnath_Valley,17.2,53.5,232.6,14.89,1.099,74.3,8.679,442.5,7.3,6.9,3
2024-08-23 12:00:00,Lahaul_Spiti,1.4,2.8,7.6,3.4,-0.158,1.3,0.084,35.8,15.1,14.1,0
2024-08-23 18:00:00,Teesta_Basin,1.4,3.7,11.9,5.62,0.226,5.2,0.489,75.1,9.7,8.8,1
2024-08-24 00:00:00,Lahaul_Spiti,1.3,2.9,8.2,2.97,-0.013,1.6,0.087,38.4,10.9,9.8,0
2024-08-24 06:00:00,Solukhumbu_Catchment,3.0,7.1,24.2,5.26,0.211,1.9,0.219,38.0,11.0,10.2,0
2024-08-24 12:00:00,Solukhumbu_Catchment,0.8,1.8,4.8,3.93,0.171,0.2,0.019,41.3,13.2,12.4,0
2024-08-24 18:00:00,Rolwaling_Valley,18.9,51.5,148.8,6.85,0.476,15.6,0.933,235.1,6.0,5.2,2
2024-08-25 00:00:00,Rolwaling_Valley,48.3,125.8,557.0,12.52,0.742,15.0,3.612,177.6,7.5,6.8,2
2024-08-25 06:00:00,Teesta_Basin,20.4,59.9,207.3,11.85,0.5,17.1,1.75,229.4,7.4,6.6,2
2024-08-25 12:00:00,Solukhumbu_Catchment,3.1,8.7,36.6,11.41,0.825,14.3,2.328,174.5,13.8,12.7,2
2024-08-25 18:00:00,Lahaul_Spiti,3.3,6.8,13.7,4.17,0.001,0.3,0.048,19.6,6.1,5.6,0
2024-08-26 00:00:00,Teesta_Basin,0.3,0.5,1.6,3.01,0.262,1.4,0.298,31.0,14.5,13.5,0
2024-08-26 06:00:00,Rolwaling_Valley,0.7,1.7,4.1,3.62,0.014,1.4,0.126,23.9,14.3,13.8,0
2024-08-26 12:00:00,Rolwaling_Valley,0.5,0.9,2.6,3.73,0.167,2.1,0.175,30.2,14.4,12.6,0
2024-08-26 18:00:00,Rolwaling_Valley,6.2,12.8,35.3,4.49,0.142,1.5,0.115,25.2,12.2,10.2,0
2024-08-27 00:00:00,Rolwaling_Valley,1.4,3.5,11.3,2.47,0.333,0.3,0.028,31.2,4.2,2.3,0
2024-08-27 06:00:00,Solukhumbu_Catchment,3.4,6.7,21.8,3.99,-0.173,0.5,0.087,26.4,9.3,8.3,0
2024-08-27 12:00:00,Teesta_Basin,7.9,19.6,57.0,4.08,0.294,9.0,1.101,61.1,15.1,14.2,1
2024-08-27 18:00:00,Rolwaling_Valley,0.1,0.1,0.3,3.96,-0.228,1.6,0.107,27.6,6.9,6.0,0
2024-08-28 00:00:00,Teesta_Basin,41.0,121.5,393.0,9.45,0.855,28.0,3.56,157.4,10.7,9.4,2
2024-08-28 06:00:00,Kedarnath_Valley,36.3,90.8,283.6,13.24,0.745,17.7,3.89,176.6,9.4,8.7,2
2024-08-28 12:00:00,Kedarnath_Valley,1.8,3.9,12.5,3.47,0.231,1.2,0.158,35.7,8.2,7.0,0
2024-08-28 18:00:00,Teesta_Basin,33.4,77.6,297.7,11.32,0.853,28.4,4.992,171.7,9.5,8.9,2
2024-08-29 00:00:00,Lahaul_Spiti,0.2,0.4,1.3,4.83,0.078,1.4,0.323,21.8,15.1,13.7,0
2024-08-29 06:00:00,Lahaul_Spiti,6.2,13.2,28.4,1.68,0.204,1.3,0.176,28.0,11.9,10.7,0
2024-08-29 12:00:00,Kedarnath_Valley,2.0,4.6,13.3,3.67,0.162,1.5,0.079,21.8,6.2,4.3,0
2024-08-29 18:00:00,Rolwaling_Valley,17.4,57.8,214.2,17.07,1.21,47.7,9.865,387.0,6.3,5.6,3
2024-08-30 00:00:00,Solukhumbu_Catchment,1.7,3.0,9.2,3.34,0.456,0.9,0.048,14.6,11.2,10.6,0
2024-08-30 06:00:00,Lahaul_Spiti,3.2,7.7,30.4,12.57,0.661,25.5,6.215,133.6,7.7,6.3,2
2024-08-30 12:00:00,Rolwaling_Valley,0.3,0.6,2.3,11.55,0.481,23.6,3.023,164.0,6.4,5.9,2
2024-08-30 18:00:00,Teesta_Basin,0.9,2.4,7.9,7.55,0.464,0.9,0.044,39.9,11.3,10.4,1
2024-08-31 00:00:00,Kedarnath_Valley,2.3,5.5,18.4,7.01,0.107,5.8,0.664,81.8,6.6,6.0,1
2024-08-31 06:00:00,Lahaul_Spiti,2.6,5.4,18.6,1.75,0.155,0.6,0.043,29.4,12.4,11.0,0
2024-08-31 12:00:00,Rolwaling_Valley,9.6,22.2,77.7,7.76,0.581,7.5,0.695,86.8,6.0,5.4,1
2024-08-31 18:00:00,Lahaul_Spiti,13.9,39.2,174.3,14.27,0.749,21.2,3.833,265.7,6.4,5.3,2
2024-09-01 00:00:00,Kedarnath_Valley,14.8,44.2,185.3,11.21,0.799,26.9,5.342,149.8,9.1,7.8,2
2024-09-01 06:00:00,Rolwaling_Valley,0.6,1.3,4.1,4.3,0.06,1.1,0.239,26.9,17.8,17.3,0
2024-09-01 12:00:00,Teesta_Basin,6.0,13.5,28.9,3.04,0.127,1.7,0.242,27.4,0.3,-1.5,0
2024-09-01 18:00:00,Teesta_Basin,22.1,52.3,198.1,7.31,0.497,7.1,1.03,80.3,16.1,15.4,1
2024-09-02 00:00:00,Solukhumbu_Catchment,19.6,61.3,278.1,16.02,1.039,99.2,12.372,369.2,8.9,8.1,3
2024-09-02 06:00:00,Rolwaling_Valley,2.3,4.6,11.7,3.83,0.232,1.5,0.159,29.4,5.7,4.4,0
2024-09-02 12:00:00,Rolwaling_Valley,76.4,223.9,648.7,10.57,0.77,31.5,6.051,241.4,8.6,7.9,2
2024-09-02 18:00:00,Lahaul_Spiti,5.3,13.0,33.6,3.09,0.23,2.2,0.412,38.1,12.6,11.4,0
2024-09-03 00:00:00,Rolwaling_Valley,1.6,4.1,10.1,3.51,0.281,1.9,0.288,21.5,6.5,5.2,0
2024-09-03 06:00:00,Solukhumbu_Catchment,5.3,13.6,52.5,6.75,0.586,7.8,1.033,72.0,10.1,8.7,1
2024-09-03 12:00:00,Kedarnath_Valley,2.6,6.1,20.4,3.72,-0.081,1.0,0.175,33.0,17.0,15.9,0
2024-09-03 18:00:00,Solukhumbu_Catchment,0.4,0.8,2.3,3.2,0.003,1.9,0.12,20.2,2.0,0.1,0
2024-09-04 00:00:00,Kedarnath_Valley,8.1,17.4,57.0,2.6,0.333,1.5,0.309,24.4,16.5,15.1,0
2024-09-04 06:00:00,Kedarnath_Valley,4.8,8.9,28.5,3.95,0.021,0.7,0.081,23.9,9.1,8.0,0
2024-09-04 12:00:00,Rolwaling_Valley,0.6,1.4,4.5,3.34,-0.393,1.2,0.138,41.3,17.0,16.2,0
2024-09-04 18:00:00,Rolwaling_Valley,1.9,4.6,10.6,2.7,-0.075,0.4,0.026,15.0,13.0,12.2,0
2024-09-05 00:00:00,Kedarnath_Valley,2.8,5.2,15.6,3.61,-0.31,0.7,0.174,45.7,10.6,9.2,0
2024-09-05 06:00:00,Kedarnath_Valley,53.9,180.9,889.9,18.42,1.096,62.2,5.827,420.9,5.2,4.6,3
2024-09-05 12:00:00,Kedarnath_Valley,30.5,73.2,210.7,9.26,0.556,3.1,0.191,86.3,2.4,0.9,1
2024-09-05 18:00:00,Teesta_Basin,4.4,9.7,28.0,3.07,-0.005,2.9,0.145,31.0,8.7,7.2,0
2024-09-06 00:00:00,Solukhumbu_Catchment,25.5,58.2,199.1,7.09,0.385,4.1,0.691,63.3,3.1,2.1,1
2024-09-06 06:00:00,Rolwaling_Valley,7.6,15.9,52.9,2.78,-0.048,1.7,0.381,25.2,9.6,7.8,0
2024-09-06 12:00:00,Teesta_Basin,22.6,72.5,230.0,16.46,1.235,79.1,17.082,257.1,2.3,1.1,3
2024-09-06 18:00:00,Solukhumbu_Catchment,2.1,4.5,10.7,3.76,0.182,1.5,0.182,19.0,7.3,6.2,0
2024-09-07 00:00:00,Rolwaling_Valley,5.2,14.1,44.0,6.95,0.45,6.2,1.155,64.8,4.9,3.8,1
2024-09-07 06:00:00,Solukhumbu_Catchment,18.5,50.3,138.8,5.74,0.598,8.1,1.52,61.2,6.1,4.8,1
2024-09-07 12:00:00,Kedarnath_Valley,9.5,23.5,75.7,5.86,0.461,6.9,0.65,80.7,8.9,7.6,1
2024-09-07 18:00:00,Solukhumbu_Catchment,0.9,1.9,6.7,6.61,0.399,2.3,0.143,60.4,7.7,6.5,1
2024-09-08 00:00:00,Lahaul_Spiti,3.7,7.2,20.2,3.29,-0.145,2.1,0.199,41.2,12.3,11.0,0
2024-09-08 06:00:00,Teesta_Basin,3.5,7.7,23.4,3.34,0.078,1.3,0.161,34.4,11.8,10.3,0
2024-09-08 12:00:00,Kedarnath_Valley,6.8,16.4,49.5,7.12,0.387,4.0,0.875,55.9,8.4,6.9,1
2024-09-08 18:00:00,Lahaul_Spiti,0.1,0.3,0.9,3.6,-0.048,0.3,0.021,34.6,14.1,12.5,0
2024-09-09 00:00:00,Teesta_Basin,7.2,13.8,40.2,3.12,0.053,0.9,0.132,14.0,13.2,11.3,0
2024-09-09 06:00:00,Kedarnath_Valley,4.7,12.5,49.1,5.75,0.387,4.7,0.452,81.8,7.6,6.7,1
2024-09-09 12:00:00,Rolwaling_Valley,2.7,6.6,21.6,8.14,0.336,9.4,1.759,72.2,11.1,10.3,1
2024-09-09 18:00:00,Lahaul_Spiti,0.7,1.6,4.9,5.01,0.175,1.5,0.311,35.9,13.5,12.2,0
2024-09-10 00:00:00,Lahaul_Spiti,3.1,7.8,22.5,4.85,0.267,1.1,0.276,27.3,11.0,9.5,0
2024-09-10 06:00:00,Teesta_Basin,2.0,4.9,17.0,11.63,0.854,28.9,6.708,181.4,4.4,3.5,2
2024-09-10 12:00:00,Rolwaling_Valley,1.0,2.3,6.6,3.69,-0.029,1.3,0.144,37.9,13.8,12.3,0
2024-09-10 18:00:00,Solukhumbu_Catchment,3.0,7.2,17.2,2.87,-0.048,0.9,0.076,31.8,6.9,5.2,0
2024-09-11 00:00:00,Lahaul_Spiti,2.6,5.2,12.2,4.39,0.128,0.9,0.188,39.5,14.4,13.9,0
2024-09-11 06:00:00,Kedarnath_Valley,1.9,4.6,13.9,3.84,-0.033,1.1,0.084,22.5,10.3,9.3,0
2024-09-11 12:00:00,Solukhumbu_Catchment,5.3,13.7,44.7,7.27,0.43,5.0,0.756,45.1,9.0,8.5,1
2024-09-11 18:00:00,Solukhumbu_Catchment,1.7,3.3,10.8,4.73,0.002,1.0,0.214,36.4,13.5,12.3,0
2024-09-12 00:00:00,Rolwaling_Valley,0.9,2.4,8.0,6.05,0.354,6.3,1.157,68.9,12.4,11.5,1
2024-09-12 06:00:00,Lahaul_Spiti,3.4,9.2,28.8,6.43,0.505,4.9,0.29,65.9,8.3,7.4,1
2024-09-12 12:00:00,Solukhumbu_Catchment,0.8,2.1,9.2,12.53,0.851,23.2,4.246,199.6,6.2,4.9,2
2024-09-12 18:00:00,Lahaul_Spiti,19.0,48.0,204.1,11.96,0.865,25.2,4.82,212.0,6.8,5.9,2
2024-09-13 00:00:00,Rolwaling_Valley,0.9,2.1,7.3,14.1,1.447,57.9,11.83,337.3,7.3,6.6,3
2024-09-13 06:00:00,Teesta_Basin,1.0,1.8,4.9,2.59,0.014,1.4,0.322,11.7,11.2,10.0,0
2024-09-13 12:00:00,Solukhumbu_Catchment,2.5,4.8,10.9,2.94,0.329,1.4,0.172,40.8,11.8,10.0,0
2024-09-13 18:00:00,Solukhumbu_Catchment,0.1,0.3,1.0,3.7,-0.01,2.5,0.571,43.9,9.0,8.0,0
2024-09-14 00:00:00,Kedarnath_Valley,61.5,137.4,564.5,12.73,0.719,20.4,3.376,189.5,6.6,5.9,2
2024-09-14 06:00:00,Lahaul_Spiti,2.9,5.6,17.7,2.32,0.155,1.4,0.093,18.8,10.4,8.5,0
2024-09-14 12:00:00,Teesta_Basin,6.3,15.5,60.6,4.77,0.53,6.9,1.6,85.8,9.3,8.2,1
2024-09-14 18:00:00,Rolwaling_Valley,0.8,1.6,4.7,3.3,0.255,0.6,0.056,39.1,16.6,14.8,0
2024-09-15 00:00:00,Lahaul_Spiti,1.1,2.1,6.0,3.24,0.141,1.4,0.222,34.1,12.7,11.3,0
2024-09-15 06:00:00,Kedarnath_Valley,7.8,19.5,61.8,3.78,0.292,1.1,0.174,39.7,7.8,7.2,0
2024-09-15 12:00:00,Lahaul_Spiti,3.6,9.5,34.9,3.22,0.503,5.8,0.638,65.9,9.2,7.5,1
2024-09-15 18:00:00,Solukhumbu_Catchment,1.6,2.9,8.7,5.09,-0.075,1.4,0.214,17.2,12.9,11.6,0
2024-09-16 00:00:00,Lahaul_Spiti,29.2,63.9,190.2,5.22,0.463,8.0,0.617,84.2,8.2,6.8,1
2024-09-16 06:00:00,Lahaul_Spiti,7.4,15.3,35.6,2.15,0.171,0.5,0.063,28.6,7.7,5.8,0
2024-09-16 12:00:00,Kedarnath_Valley,0.9,1.9,4.9,3.49,-0.149,0.8,0.165,30.0,9.4,8.4,0
2024-09-16 18:00:00,Teesta_Basin,38.7,105.4,404.8,3.35,0.551,3.8,0.269,70.7,12.0,10.7,1
